sample	n_models	n_unique_predictions	entropy	agreement	most_common_prediction	most_common_count	n_models_predict_4	n_models_predict_1	n_models_predict_5	n_models_predict_3	n_models_predict_2	n_models_predict_0
SRR6113361	3	1	0.0	1.0	5	3	0	0	3	0	0	0
SRR6113362	3	1	0.0	1.0	5	3	0	0	3	0	0	0
SRR6113363	3	1	0.0	1.0	5	3	0	0	3	0	0	0
SRR6113364	3	1	0.0	1.0	5	3	0	0	3	0	0	0
SRR6113365	3	1	0.0	1.0	5	3	0	0	3	0	0	0
SRR6113367	3	1	0.0	1.0	5	3	0	0	3	0	0	0
SRR6113368	3	1	0.0	1.0	5	3	0	0	3	0	0	0
SRR6113369	3	1	0.0	1.0	5	3	0	0	3	0	0	0
SRR6113372	3	1	0.0	1.0	5	3	0	0	3	0	0	0
SRR6113373	3	1	0.0	1.0	5	3	0	0	3	0	0	0
SRR6113374	3	1	0.0	1.0	5	3	0	0	3	0	0	0
SRR6113375	3	1	0.0	1.0	5	3	0	0	3	0	0	0
SRR6113377	3	1	0.0	1.0	2	3	0	0	0	0	3	0
SRR6113378	3	1	0.0	1.0	2	3	0	0	0	0	3	0
SRR6113379	3	1	0.0	1.0	2	3	0	0	0	0	3	0
SRR6113380	3	1	0.0	1.0	2	3	0	0	0	0	3	0
SRR6113381	3	1	0.0	1.0	2	3	0	0	0	0	3	0
SRR6113382	3	1	0.0	1.0	2	3	0	0	0	0	3	0
SRR6113383	3	1	0.0	1.0	2	3	0	0	0	0	3	0
SRR6113384	3	1	0.0	1.0	2	3	0	0	0	0	3	0
SRR6113385	3	1	0.0	1.0	2	3	0	0	0	0	3	0
SRR6113386	3	1	0.0	1.0	2	3	0	0	0	0	3	0
SRR6113387	3	1	0.0	1.0	2	3	0	0	0	0	3	0
SRR6113388	3	1	0.0	1.0	2	3	0	0	0	0	3	0
SRR6113389	3	1	0.0	1.0	2	3	0	0	0	0	3	0
SRR6113390	3	1	0.0	1.0	2	3	0	0	0	0	3	0
SRR6113391	3	1	0.0	1.0	2	3	0	0	0	0	3	0
SRR6113392	3	1	0.0	1.0	2	3	0	0	0	0	3	0
SRR6113393	3	1	0.0	1.0	2	3	0	0	0	0	3	0
SRR6113394	3	1	0.0	1.0	2	3	0	0	0	0	3	0
SRR6113395	3	1	0.0	1.0	2	3	0	0	0	0	3	0
SRR6113396	3	1	0.0	1.0	2	3	0	0	0	0	3	0
SRR6113397	3	1	0.0	1.0	2	3	0	0	0	0	3	0
SRR6113398	3	1	0.0	1.0	2	3	0	0	0	0	3	0
SRR6113399	3	1	0.0	1.0	2	3	0	0	0	0	3	0
SRR6113400	3	1	0.0	1.0	2	3	0	0	0	0	3	0
SRR6113401	3	1	0.0	1.0	2	3	0	0	0	0	3	0
SRR6113402	3	1	0.0	1.0	2	3	0	0	0	0	3	0
SRR6113403	3	1	0.0	1.0	2	3	0	0	0	0	3	0
SRR6113404	3	1	0.0	1.0	2	3	0	0	0	0	3	0
SRR6113405	3	1	0.0	1.0	2	3	0	0	0	0	3	0
SRR6113406	3	1	0.0	1.0	2	3	0	0	0	0	3	0
SRR6113407	3	1	0.0	1.0	2	3	0	0	0	0	3	0
SRR6113408	3	1	0.0	1.0	2	3	0	0	0	0	3	0
SRR6113410	3	1	0.0	1.0	2	3	0	0	0	0	3	0
SRR6113411	3	1	0.0	1.0	2	3	0	0	0	0	3	0
SRR6113412	3	1	0.0	1.0	2	3	0	0	0	0	3	0
SRR6113413	3	1	0.0	1.0	2	3	0	0	0	0	3	0
SRR6113414	3	1	0.0	1.0	2	3	0	0	0	0	3	0
SRR6113415	3	1	0.0	1.0	2	3	0	0	0	0	3	0
SRR6113416	3	1	0.0	1.0	2	3	0	0	0	0	3	0
SRR6113417	3	1	0.0	1.0	2	3	0	0	0	0	3	0
SRR6113418	3	1	0.0	1.0	2	3	0	0	0	0	3	0
SRR6113419	3	1	0.0	1.0	2	3	0	0	0	0	3	0
SRR6113420	3	1	0.0	1.0	2	3	0	0	0	0	3	0
SRR6113421	3	1	0.0	1.0	2	3	0	0	0	0	3	0
SRR6113422	3	1	0.0	1.0	2	3	0	0	0	0	3	0
SRR6113423	3	1	0.0	1.0	2	3	0	0	0	0	3	0
SRR6113424	3	1	0.0	1.0	2	3	0	0	0	0	3	0
SRR6113425	3	1	0.0	1.0	2	3	0	0	0	0	3	0
SRR6113426	3	1	0.0	1.0	2	3	0	0	0	0	3	0
SRR6113427	3	1	0.0	1.0	2	3	0	0	0	0	3	0
SRR6113428	3	1	0.0	1.0	2	3	0	0	0	0	3	0
SRR6113429	3	1	0.0	1.0	2	3	0	0	0	0	3	0
SRR6113430	3	1	0.0	1.0	2	3	0	0	0	0	3	0
SRR6113431	3	1	0.0	1.0	2	3	0	0	0	0	3	0
SRR6113432	3	1	0.0	1.0	2	3	0	0	0	0	3	0
SRR6113433	3	1	0.0	1.0	2	3	0	0	0	0	3	0
SRR6113434	3	1	0.0	1.0	2	3	0	0	0	0	3	0
SRR6113435	3	1	0.0	1.0	2	3	0	0	0	0	3	0
SRR6113437	3	1	0.0	1.0	2	3	0	0	0	0	3	0
SRR6113438	3	1	0.0	1.0	2	3	0	0	0	0	3	0
SRR6113439	3	1	0.0	1.0	2	3	0	0	0	0	3	0
SRR6113440	3	1	0.0	1.0	2	3	0	0	0	0	3	0
SRR6113441	3	1	0.0	1.0	2	3	0	0	0	0	3	0
SRR6113442	3	1	0.0	1.0	2	3	0	0	0	0	3	0
SRR6113443	3	1	0.0	1.0	2	3	0	0	0	0	3	0
SRR6113444	3	1	0.0	1.0	2	3	0	0	0	0	3	0
SRR6113446	3	1	0.0	1.0	2	3	0	0	0	0	3	0
SRR6113447	3	1	0.0	1.0	2	3	0	0	0	0	3	0
SRR6113448	3	1	0.0	1.0	2	3	0	0	0	0	3	0
SRR6113449	3	1	0.0	1.0	2	3	0	0	0	0	3	0
SRR6113450	3	1	0.0	1.0	2	3	0	0	0	0	3	0
SRR6113451	3	1	0.0	1.0	2	3	0	0	0	0	3	0
SRR6113452	3	1	0.0	1.0	2	3	0	0	0	0	3	0
SRR6113453	3	1	0.0	1.0	2	3	0	0	0	0	3	0
SRR6113454	3	1	0.0	1.0	2	3	0	0	0	0	3	0
SRR6113455	3	1	0.0	1.0	2	3	0	0	0	0	3	0
SRR6113456	3	1	0.0	1.0	2	3	0	0	0	0	3	0
SRR6113457	3	1	0.0	1.0	5	3	0	0	3	0	0	0
SRR6113458	3	1	0.0	1.0	5	3	0	0	3	0	0	0
SRR6113459	3	1	0.0	1.0	5	3	0	0	3	0	0	0
SRR6113460	3	1	0.0	1.0	5	3	0	0	3	0	0	0
SRR6113461	3	1	0.0	1.0	5	3	0	0	3	0	0	0
SRR6113462	3	1	0.0	1.0	5	3	0	0	3	0	0	0
SRR6113463	3	1	0.0	1.0	5	3	0	0	3	0	0	0
SRR6113464	3	1	0.0	1.0	5	3	0	0	3	0	0	0
SRR6113465	3	1	0.0	1.0	2	3	0	0	0	0	3	0
SRR6113466	3	1	0.0	1.0	2	3	0	0	0	0	3	0
SRR6113467	3	1	0.0	1.0	2	3	0	0	0	0	3	0
SRR6113468	3	1	0.0	1.0	2	3	0	0	0	0	3	0
SRR6113469	3	1	0.0	1.0	2	3	0	0	0	0	3	0
SRR6113470	3	1	0.0	1.0	2	3	0	0	0	0	3	0
SRR6113471	3	1	0.0	1.0	2	3	0	0	0	0	3	0
SRR6113472	3	1	0.0	1.0	2	3	0	0	0	0	3	0
SRR6113473	3	1	0.0	1.0	2	3	0	0	0	0	3	0
SRR6113474	3	1	0.0	1.0	2	3	0	0	0	0	3	0
SRR6113475	3	1	0.0	1.0	2	3	0	0	0	0	3	0
SRR6113476	3	1	0.0	1.0	2	3	0	0	0	0	3	0
SRR6113477	3	1	0.0	1.0	2	3	0	0	0	0	3	0
SRR6113478	3	1	0.0	1.0	2	3	0	0	0	0	3	0
SRR6113479	3	1	0.0	1.0	2	3	0	0	0	0	3	0
SRR6113480	3	1	0.0	1.0	2	3	0	0	0	0	3	0
SRR6113481	3	1	0.0	1.0	2	3	0	0	0	0	3	0
SRR6113482	3	1	0.0	1.0	2	3	0	0	0	0	3	0
SRR6113483	3	1	0.0	1.0	2	3	0	0	0	0	3	0
SRR6113484	3	1	0.0	1.0	2	3	0	0	0	0	3	0
SRR6113485	3	1	0.0	1.0	2	3	0	0	0	0	3	0
SRR6113486	3	1	0.0	1.0	2	3	0	0	0	0	3	0
SRR6113487	3	1	0.0	1.0	2	3	0	0	0	0	3	0
SRR6113488	3	1	0.0	1.0	2	3	0	0	0	0	3	0
SRR6113489	3	1	0.0	1.0	5	3	0	0	3	0	0	0
SRR6113490	3	1	0.0	1.0	5	3	0	0	3	0	0	0
SRR6113491	3	1	0.0	1.0	5	3	0	0	3	0	0	0
SRR6113492	3	1	0.0	1.0	5	3	0	0	3	0	0	0
SRR6113493	3	1	0.0	1.0	5	3	0	0	3	0	0	0
SRR6113494	3	1	0.0	1.0	5	3	0	0	3	0	0	0
SRR6113495	3	1	0.0	1.0	5	3	0	0	3	0	0	0
SRR6113496	3	1	0.0	1.0	5	3	0	0	3	0	0	0
SRR6113497	3	1	0.0	1.0	5	3	0	0	3	0	0	0
SRR6113498	3	1	0.0	1.0	5	3	0	0	3	0	0	0
SRR6113499	3	1	0.0	1.0	5	3	0	0	3	0	0	0
SRR6113500	3	1	0.0	1.0	5	3	0	0	3	0	0	0
SRR6113501	3	1	0.0	1.0	5	3	0	0	3	0	0	0
SRR6113502	3	1	0.0	1.0	5	3	0	0	3	0	0	0
SRR6113503	3	1	0.0	1.0	5	3	0	0	3	0	0	0
SRR6113504	3	1	0.0	1.0	5	3	0	0	3	0	0	0
SRR6113505	3	1	0.0	1.0	4	3	3	0	0	0	0	0
SRR6113506	3	1	0.0	1.0	4	3	3	0	0	0	0	0
SRR6113507	3	1	0.0	1.0	4	3	3	0	0	0	0	0
SRR6113508	3	1	0.0	1.0	4	3	3	0	0	0	0	0
SRR6113509	3	1	0.0	1.0	4	3	3	0	0	0	0	0
SRR6113510	3	1	0.0	1.0	4	3	3	0	0	0	0	0
SRR6113511	3	1	0.0	1.0	4	3	3	0	0	0	0	0
SRR6113512	3	1	0.0	1.0	4	3	3	0	0	0	0	0
SRR6113513	3	1	0.0	1.0	5	3	0	0	3	0	0	0
SRR6113514	3	1	0.0	1.0	5	3	0	0	3	0	0	0
SRR6113515	3	1	0.0	1.0	5	3	0	0	3	0	0	0
SRR6113516	3	1	0.0	1.0	5	3	0	0	3	0	0	0
SRR6113517	3	1	0.0	1.0	5	3	0	0	3	0	0	0
SRR6113518	3	1	0.0	1.0	5	3	0	0	3	0	0	0
SRR6113519	3	1	0.0	1.0	5	3	0	0	3	0	0	0
SRR6113520	3	1	0.0	1.0	5	3	0	0	3	0	0	0
SRR6113521	3	1	0.0	1.0	5	3	0	0	3	0	0	0
SRR6113522	3	1	0.0	1.0	5	3	0	0	3	0	0	0
SRR6113523	3	1	0.0	1.0	5	3	0	0	3	0	0	0
SRR6113524	3	1	0.0	1.0	5	3	0	0	3	0	0	0
SRR6113525	3	1	0.0	1.0	5	3	0	0	3	0	0	0
SRR6113526	3	1	0.0	1.0	5	3	0	0	3	0	0	0
SRR6113527	3	1	0.0	1.0	5	3	0	0	3	0	0	0
SRR6113528	3	1	0.0	1.0	5	3	0	0	3	0	0	0
SRR6113529	3	1	0.0	1.0	5	3	0	0	3	0	0	0
SRR6113530	3	1	0.0	1.0	5	3	0	0	3	0	0	0
SRR6113531	3	1	0.0	1.0	5	3	0	0	3	0	0	0
SRR6113532	3	1	0.0	1.0	5	3	0	0	3	0	0	0
SRR6113533	3	1	0.0	1.0	5	3	0	0	3	0	0	0
SRR6113534	3	1	0.0	1.0	5	3	0	0	3	0	0	0
SRR6113535	3	1	0.0	1.0	5	3	0	0	3	0	0	0
SRR6113536	3	1	0.0	1.0	5	3	0	0	3	0	0	0
SRR6113537	3	1	0.0	1.0	5	3	0	0	3	0	0	0
SRR6113538	3	1	0.0	1.0	5	3	0	0	3	0	0	0
SRR6113539	3	1	0.0	1.0	5	3	0	0	3	0	0	0
SRR6113540	3	1	0.0	1.0	5	3	0	0	3	0	0	0
SRR6113541	3	1	0.0	1.0	5	3	0	0	3	0	0	0
SRR6113542	3	1	0.0	1.0	5	3	0	0	3	0	0	0
SRR6113543	3	1	0.0	1.0	5	3	0	0	3	0	0	0
SRR6113544	3	1	0.0	1.0	5	3	0	0	3	0	0	0
SRR6113545	3	1	0.0	1.0	0	3	0	0	0	0	0	3
SRR6113546	3	1	0.0	1.0	0	3	0	0	0	0	0	3
SRR6113547	3	1	0.0	1.0	0	3	0	0	0	0	0	3
SRR6113548	3	1	0.0	1.0	0	3	0	0	0	0	0	3
SRR6113549	3	1	0.0	1.0	0	3	0	0	0	0	0	3
SRR6113550	3	1	0.0	1.0	0	3	0	0	0	0	0	3
SRR6113551	3	1	0.0	1.0	0	3	0	0	0	0	0	3
SRR6113552	3	1	0.0	1.0	0	3	0	0	0	0	0	3
SRR6113553	3	1	0.0	1.0	0	3	0	0	0	0	0	3
SRR6113554	3	1	0.0	1.0	0	3	0	0	0	0	0	3
SRR6113555	3	1	0.0	1.0	0	3	0	0	0	0	0	3
SRR6113556	3	1	0.0	1.0	0	3	0	0	0	0	0	3
SRR6113557	3	1	0.0	1.0	0	3	0	0	0	0	0	3
SRR6113558	3	1	0.0	1.0	0	3	0	0	0	0	0	3
SRR6113559	3	1	0.0	1.0	0	3	0	0	0	0	0	3
SRR6113560	3	1	0.0	1.0	0	3	0	0	0	0	0	3
SRR6113561	3	1	0.0	1.0	0	3	0	0	0	0	0	3
SRR6113562	3	1	0.0	1.0	0	3	0	0	0	0	0	3
SRR6113563	3	1	0.0	1.0	0	3	0	0	0	0	0	3
SRR6113564	3	1	0.0	1.0	0	3	0	0	0	0	0	3
SRR6113565	3	1	0.0	1.0	0	3	0	0	0	0	0	3
SRR6113566	3	1	0.0	1.0	0	3	0	0	0	0	0	3
SRR6113567	3	1	0.0	1.0	0	3	0	0	0	0	0	3
SRR6113568	3	1	0.0	1.0	0	3	0	0	0	0	0	3
SRR6113569	3	1	0.0	1.0	2	3	0	0	0	0	3	0
SRR6113570	3	1	0.0	1.0	2	3	0	0	0	0	3	0
SRR6113571	3	1	0.0	1.0	2	3	0	0	0	0	3	0
SRR6113572	3	1	0.0	1.0	2	3	0	0	0	0	3	0
SRR6113573	3	1	0.0	1.0	2	3	0	0	0	0	3	0
SRR6113574	3	1	0.0	1.0	2	3	0	0	0	0	3	0
SRR6113575	3	1	0.0	1.0	2	3	0	0	0	0	3	0
SRR6113576	3	1	0.0	1.0	2	3	0	0	0	0	3	0
SRR6113577	3	1	0.0	1.0	2	3	0	0	0	0	3	0
SRR6113578	3	1	0.0	1.0	2	3	0	0	0	0	3	0
SRR6113579	3	1	0.0	1.0	2	3	0	0	0	0	3	0
SRR6113580	3	1	0.0	1.0	2	3	0	0	0	0	3	0
SRR6113581	3	1	0.0	1.0	2	3	0	0	0	0	3	0
SRR6113582	3	1	0.0	1.0	2	3	0	0	0	0	3	0
SRR6113583	3	1	0.0	1.0	2	3	0	0	0	0	3	0
SRR6113584	3	1	0.0	1.0	2	3	0	0	0	0	3	0
SRR6113585	3	1	0.0	1.0	2	3	0	0	0	0	3	0
SRR6113586	3	1	0.0	1.0	2	3	0	0	0	0	3	0
SRR6113587	3	1	0.0	1.0	2	3	0	0	0	0	3	0
SRR6113588	3	1	0.0	1.0	2	3	0	0	0	0	3	0
SRR6113589	3	1	0.0	1.0	2	3	0	0	0	0	3	0
SRR6113590	3	1	0.0	1.0	2	3	0	0	0	0	3	0
SRR6113591	3	1	0.0	1.0	2	3	0	0	0	0	3	0
SRR6113592	3	1	0.0	1.0	2	3	0	0	0	0	3	0
SRR6113593	3	1	0.0	1.0	2	3	0	0	0	0	3	0
SRR6113594	3	1	0.0	1.0	2	3	0	0	0	0	3	0
SRR6113595	3	1	0.0	1.0	2	3	0	0	0	0	3	0
SRR6113596	3	1	0.0	1.0	2	3	0	0	0	0	3	0
SRR6113597	3	1	0.0	1.0	2	3	0	0	0	0	3	0
SRR6113598	3	1	0.0	1.0	2	3	0	0	0	0	3	0
SRR6113599	3	1	0.0	1.0	2	3	0	0	0	0	3	0
SRR6113600	3	1	0.0	1.0	2	3	0	0	0	0	3	0
SRR6113601	3	1	0.0	1.0	4	3	3	0	0	0	0	0
SRR6113602	3	1	0.0	1.0	4	3	3	0	0	0	0	0
SRR6113603	3	1	0.0	1.0	4	3	3	0	0	0	0	0
SRR6113604	3	1	0.0	1.0	4	3	3	0	0	0	0	0
SRR6113605	3	1	0.0	1.0	4	3	3	0	0	0	0	0
SRR6113606	3	1	0.0	1.0	4	3	3	0	0	0	0	0
SRR6113607	3	1	0.0	1.0	4	3	3	0	0	0	0	0
SRR6113608	3	1	0.0	1.0	4	3	3	0	0	0	0	0
SRR6113609	3	1	0.0	1.0	0	3	0	0	0	0	0	3
SRR6113610	3	1	0.0	1.0	0	3	0	0	0	0	0	3
SRR6113611	3	1	0.0	1.0	0	3	0	0	0	0	0	3
SRR6113612	3	1	0.0	1.0	0	3	0	0	0	0	0	3
SRR6113613	3	1	0.0	1.0	0	3	0	0	0	0	0	3
SRR6113614	3	1	0.0	1.0	0	3	0	0	0	0	0	3
SRR6113615	3	1	0.0	1.0	0	3	0	0	0	0	0	3
SRR6113616	3	1	0.0	1.0	0	3	0	0	0	0	0	3
SRR6113617	3	1	0.0	1.0	2	3	0	0	0	0	3	0
SRR6113618	3	1	0.0	1.0	2	3	0	0	0	0	3	0
SRR6113619	3	1	0.0	1.0	2	3	0	0	0	0	3	0
SRR6113620	3	1	0.0	1.0	2	3	0	0	0	0	3	0
SRR6113621	3	1	0.0	1.0	2	3	0	0	0	0	3	0
SRR6113622	3	1	0.0	1.0	2	3	0	0	0	0	3	0
SRR6113624	3	1	0.0	1.0	2	3	0	0	0	0	3	0
SRR6113625	3	1	0.0	1.0	2	3	0	0	0	0	3	0
SRR6113626	3	1	0.0	1.0	2	3	0	0	0	0	3	0
SRR6113627	3	1	0.0	1.0	2	3	0	0	0	0	3	0
SRR6113628	3	1	0.0	1.0	2	3	0	0	0	0	3	0
SRR6113629	3	1	0.0	1.0	2	3	0	0	0	0	3	0
SRR6113630	3	1	0.0	1.0	2	3	0	0	0	0	3	0
SRR6113631	3	1	0.0	1.0	2	3	0	0	0	0	3	0
SRR6113632	3	1	0.0	1.0	2	3	0	0	0	0	3	0
SRR6113633	3	1	0.0	1.0	2	3	0	0	0	0	3	0
SRR6113634	3	1	0.0	1.0	0	3	0	0	0	0	0	3
SRR6113635	3	1	0.0	1.0	0	3	0	0	0	0	0	3
SRR6113636	3	1	0.0	1.0	0	3	0	0	0	0	0	3
SRR6113637	3	1	0.0	1.0	0	3	0	0	0	0	0	3
SRR6113638	3	1	0.0	1.0	0	3	0	0	0	0	0	3
SRR6113639	3	1	0.0	1.0	0	3	0	0	0	0	0	3
SRR6113640	3	1	0.0	1.0	0	3	0	0	0	0	0	3
SRR6113641	3	1	0.0	1.0	0	3	0	0	0	0	0	3
SRR6113642	3	1	0.0	1.0	2	3	0	0	0	0	3	0
SRR6113643	3	1	0.0	1.0	2	3	0	0	0	0	3	0
SRR6113644	3	1	0.0	1.0	2	3	0	0	0	0	3	0
SRR6113645	3	1	0.0	1.0	2	3	0	0	0	0	3	0
SRR6113646	3	1	0.0	1.0	2	3	0	0	0	0	3	0
SRR6113647	3	1	0.0	1.0	2	3	0	0	0	0	3	0
SRR6113648	3	1	0.0	1.0	2	3	0	0	0	0	3	0
SRR6113649	3	1	0.0	1.0	2	3	0	0	0	0	3	0
SRR6113650	3	1	0.0	1.0	0	3	0	0	0	0	0	3
SRR6113651	3	1	0.0	1.0	0	3	0	0	0	0	0	3
SRR6113652	3	1	0.0	1.0	0	3	0	0	0	0	0	3
SRR6113653	3	1	0.0	1.0	0	3	0	0	0	0	0	3
SRR6113654	3	1	0.0	1.0	0	3	0	0	0	0	0	3
SRR6113655	3	1	0.0	1.0	0	3	0	0	0	0	0	3
SRR6113656	3	1	0.0	1.0	0	3	0	0	0	0	0	3
SRR6113657	3	1	0.0	1.0	0	3	0	0	0	0	0	3
SRR6113658	3	1	0.0	1.0	2	3	0	0	0	0	3	0
SRR6113659	3	1	0.0	1.0	2	3	0	0	0	0	3	0
SRR6113660	3	1	0.0	1.0	2	3	0	0	0	0	3	0
SRR6113661	3	1	0.0	1.0	2	3	0	0	0	0	3	0
SRR6113662	3	1	0.0	1.0	2	3	0	0	0	0	3	0
SRR6113663	3	1	0.0	1.0	2	3	0	0	0	0	3	0
SRR6113664	3	1	0.0	1.0	2	3	0	0	0	0	3	0
SRR6113665	3	1	0.0	1.0	2	3	0	0	0	0	3	0
SRR6113666	3	1	0.0	1.0	2	3	0	0	0	0	3	0
SRR6113667	3	1	0.0	1.0	2	3	0	0	0	0	3	0
SRR6113668	3	1	0.0	1.0	2	3	0	0	0	0	3	0
SRR6113669	3	1	0.0	1.0	2	3	0	0	0	0	3	0
SRR6113670	3	1	0.0	1.0	2	3	0	0	0	0	3	0
SRR6113671	3	1	0.0	1.0	2	3	0	0	0	0	3	0
SRR6113672	3	1	0.0	1.0	2	3	0	0	0	0	3	0
SRR6113673	3	1	0.0	1.0	2	3	0	0	0	0	3	0
SRR6113674	3	1	0.0	1.0	0	3	0	0	0	0	0	3
SRR6113675	3	1	0.0	1.0	0	3	0	0	0	0	0	3
SRR6113677	3	1	0.0	1.0	0	3	0	0	0	0	0	3
SRR6113678	3	1	0.0	1.0	0	3	0	0	0	0	0	3
SRR6113679	3	1	0.0	1.0	0	3	0	0	0	0	0	3
SRR6113680	3	1	0.0	1.0	0	3	0	0	0	0	0	3
SRR6113681	3	1	0.0	1.0	0	3	0	0	0	0	0	3
SRR6113682	3	1	0.0	1.0	5	3	0	0	3	0	0	0
SRR6113683	3	1	0.0	1.0	5	3	0	0	3	0	0	0
SRR6113684	3	1	0.0	1.0	5	3	0	0	3	0	0	0
SRR6113685	3	1	0.0	1.0	5	3	0	0	3	0	0	0
SRR6113687	3	1	0.0	1.0	5	3	0	0	3	0	0	0
SRR6113688	3	1	0.0	1.0	5	3	0	0	3	0	0	0
SRR6113689	3	1	0.0	1.0	5	3	0	0	3	0	0	0
SRR6113690	3	1	0.0	1.0	5	3	0	0	3	0	0	0
SRR6113691	3	1	0.0	1.0	5	3	0	0	3	0	0	0
SRR6113692	3	1	0.0	1.0	5	3	0	0	3	0	0	0
SRR6113693	3	1	0.0	1.0	5	3	0	0	3	0	0	0
SRR6113694	3	1	0.0	1.0	5	3	0	0	3	0	0	0
SRR6113695	3	1	0.0	1.0	5	3	0	0	3	0	0	0
SRR6113696	3	1	0.0	1.0	5	3	0	0	3	0	0	0
SRR6113697	3	1	0.0	1.0	5	3	0	0	3	0	0	0
SRR6113699	3	1	0.0	1.0	1	3	0	3	0	0	0	0
SRR6113701	3	1	0.0	1.0	1	3	0	3	0	0	0	0
SRR6113703	3	1	0.0	1.0	1	3	0	3	0	0	0	0
SRR6113704	3	1	0.0	1.0	1	3	0	3	0	0	0	0
SRR6113705	3	1	0.0	1.0	1	3	0	3	0	0	0	0
SRR6113708	3	1	0.0	1.0	1	3	0	3	0	0	0	0
SRR6113709	3	1	0.0	1.0	1	3	0	3	0	0	0	0
SRR6113710	3	1	0.0	1.0	1	3	0	3	0	0	0	0
SRR6113711	3	1	0.0	1.0	1	3	0	3	0	0	0	0
SRR6113712	3	1	0.0	1.0	1	3	0	3	0	0	0	0
SRR6113714	3	1	0.0	1.0	1	3	0	3	0	0	0	0
SRR6113715	3	1	0.0	1.0	1	3	0	3	0	0	0	0
SRR6113716	3	1	0.0	1.0	1	3	0	3	0	0	0	0
SRR6113717	3	1	0.0	1.0	1	3	0	3	0	0	0	0
SRR6113718	3	1	0.0	1.0	1	3	0	3	0	0	0	0
SRR6113719	3	1	0.0	1.0	1	3	0	3	0	0	0	0
SRR6113720	3	1	0.0	1.0	1	3	0	3	0	0	0	0
SRR6113721	3	1	0.0	1.0	1	3	0	3	0	0	0	0
SRR6113722	3	1	0.0	1.0	1	3	0	3	0	0	0	0
SRR6113723	3	1	0.0	1.0	1	3	0	3	0	0	0	0
SRR6113724	3	1	0.0	1.0	1	3	0	3	0	0	0	0
SRR6113725	3	1	0.0	1.0	1	3	0	3	0	0	0	0
SRR6113726	3	1	0.0	1.0	1	3	0	3	0	0	0	0
SRR6113727	3	1	0.0	1.0	1	3	0	3	0	0	0	0
SRR6113728	3	1	0.0	1.0	1	3	0	3	0	0	0	0
SRR6113729	3	1	0.0	1.0	1	3	0	3	0	0	0	0
SRR6113730	3	1	0.0	1.0	1	3	0	3	0	0	0	0
SRR6113731	3	1	0.0	1.0	1	3	0	3	0	0	0	0
SRR6113732	3	1	0.0	1.0	1	3	0	3	0	0	0	0
SRR6113733	3	1	0.0	1.0	1	3	0	3	0	0	0	0
SRR6113734	3	1	0.0	1.0	1	3	0	3	0	0	0	0
SRR6113735	3	1	0.0	1.0	1	3	0	3	0	0	0	0
SRR6113736	3	1	0.0	1.0	1	3	0	3	0	0	0	0
SRR6113737	3	1	0.0	1.0	1	3	0	3	0	0	0	0
SRR6113738	3	1	0.0	1.0	5	3	0	0	3	0	0	0
SRR6113739	3	1	0.0	1.0	5	3	0	0	3	0	0	0
SRR6113740	3	1	0.0	1.0	5	3	0	0	3	0	0	0
SRR6113741	3	1	0.0	1.0	5	3	0	0	3	0	0	0
SRR6113742	3	1	0.0	1.0	5	3	0	0	3	0	0	0
SRR6113743	3	1	0.0	1.0	5	3	0	0	3	0	0	0
SRR6113744	3	1	0.0	1.0	5	3	0	0	3	0	0	0
SRR6113745	3	1	0.0	1.0	5	3	0	0	3	0	0	0
SRR6113746	3	1	0.0	1.0	1	3	0	3	0	0	0	0
SRR6113748	3	1	0.0	1.0	1	3	0	3	0	0	0	0
SRR6113749	3	1	0.0	1.0	1	3	0	3	0	0	0	0
SRR6113750	3	1	0.0	1.0	1	3	0	3	0	0	0	0
SRR6113751	3	1	0.0	1.0	1	3	0	3	0	0	0	0
SRR6113752	3	1	0.0	1.0	1	3	0	3	0	0	0	0
SRR6113753	3	1	0.0	1.0	1	3	0	3	0	0	0	0
SRR6113754	3	1	0.0	1.0	1	3	0	3	0	0	0	0
SRR6113755	3	1	0.0	1.0	1	3	0	3	0	0	0	0
SRR6113756	3	1	0.0	1.0	1	3	0	3	0	0	0	0
SRR6113757	3	1	0.0	1.0	1	3	0	3	0	0	0	0
SRR6113758	3	1	0.0	1.0	1	3	0	3	0	0	0	0
SRR6113759	3	1	0.0	1.0	1	3	0	3	0	0	0	0
SRR6113760	3	1	0.0	1.0	1	3	0	3	0	0	0	0
SRR6113761	3	1	0.0	1.0	1	3	0	3	0	0	0	0
SRR6113762	3	1	0.0	1.0	1	3	0	3	0	0	0	0
SRR6113763	3	1	0.0	1.0	1	3	0	3	0	0	0	0
SRR6113764	3	1	0.0	1.0	1	3	0	3	0	0	0	0
SRR6113765	3	1	0.0	1.0	1	3	0	3	0	0	0	0
SRR6113766	3	1	0.0	1.0	1	3	0	3	0	0	0	0
SRR6113767	3	1	0.0	1.0	1	3	0	3	0	0	0	0
SRR6113768	3	1	0.0	1.0	1	3	0	3	0	0	0	0
SRR6113769	3	1	0.0	1.0	1	3	0	3	0	0	0	0
SRR6113770	3	1	0.0	1.0	1	3	0	3	0	0	0	0
SRR6113772	3	1	0.0	1.0	1	3	0	3	0	0	0	0
SRR6113773	3	1	0.0	1.0	1	3	0	3	0	0	0	0
SRR6113774	3	1	0.0	1.0	1	3	0	3	0	0	0	0
SRR6113776	3	1	0.0	1.0	1	3	0	3	0	0	0	0
SRR6113777	3	1	0.0	1.0	1	3	0	3	0	0	0	0
SRR6113778	3	1	0.0	1.0	1	3	0	3	0	0	0	0
SRR6113779	3	1	0.0	1.0	1	3	0	3	0	0	0	0
SRR6113780	3	1	0.0	1.0	1	3	0	3	0	0	0	0
SRR6113782	3	1	0.0	1.0	1	3	0	3	0	0	0	0
SRR6113783	3	1	0.0	1.0	1	3	0	3	0	0	0	0
SRR6113784	3	1	0.0	1.0	1	3	0	3	0	0	0	0
SRR6113785	3	1	0.0	1.0	1	3	0	3	0	0	0	0
SRR6113786	3	1	0.0	1.0	1	3	0	3	0	0	0	0
SRR6113787	3	1	0.0	1.0	1	3	0	3	0	0	0	0
SRR6113788	3	1	0.0	1.0	1	3	0	3	0	0	0	0
SRR6113790	3	1	0.0	1.0	1	3	0	3	0	0	0	0
SRR6113792	3	1	0.0	1.0	1	3	0	3	0	0	0	0
SRR6113793	3	1	0.0	1.0	1	3	0	3	0	0	0	0
SRR6113794	3	1	0.0	1.0	1	3	0	3	0	0	0	0
SRR6113795	3	1	0.0	1.0	1	3	0	3	0	0	0	0
SRR6113796	3	1	0.0	1.0	1	3	0	3	0	0	0	0
SRR6113797	3	1	0.0	1.0	1	3	0	3	0	0	0	0
SRR6113798	3	1	0.0	1.0	1	3	0	3	0	0	0	0
SRR6113799	3	1	0.0	1.0	1	3	0	3	0	0	0	0
SRR6113800	3	1	0.0	1.0	1	3	0	3	0	0	0	0
SRR6113801	3	1	0.0	1.0	1	3	0	3	0	0	0	0
SRR6113803	3	1	0.0	1.0	1	3	0	3	0	0	0	0
SRR6113804	3	1	0.0	1.0	1	3	0	3	0	0	0	0
SRR6113805	3	1	0.0	1.0	1	3	0	3	0	0	0	0
SRR6113806	3	1	0.0	1.0	1	3	0	3	0	0	0	0
SRR6113807	3	1	0.0	1.0	1	3	0	3	0	0	0	0
SRR6113810	3	1	0.0	1.0	1	3	0	3	0	0	0	0
SRR6113811	3	1	0.0	1.0	1	3	0	3	0	0	0	0
SRR6113812	3	1	0.0	1.0	1	3	0	3	0	0	0	0
SRR6113813	3	1	0.0	1.0	1	3	0	3	0	0	0	0
SRR6113815	3	1	0.0	1.0	1	3	0	3	0	0	0	0
SRR6113816	3	1	0.0	1.0	1	3	0	3	0	0	0	0
SRR6113817	3	1	0.0	1.0	1	3	0	3	0	0	0	0
SRR6113818	3	1	0.0	1.0	1	3	0	3	0	0	0	0
SRR6113819	3	1	0.0	1.0	1	3	0	3	0	0	0	0
SRR6113820	3	1	0.0	1.0	1	3	0	3	0	0	0	0
SRR6113822	3	1	0.0	1.0	1	3	0	3	0	0	0	0
SRR6113824	3	1	0.0	1.0	1	3	0	3	0	0	0	0
SRR6113825	3	1	0.0	1.0	1	3	0	3	0	0	0	0
SRR6113826	3	1	0.0	1.0	3	3	0	0	0	3	0	0
SRR6113827	3	1	0.0	1.0	3	3	0	0	0	3	0	0
SRR6113828	3	1	0.0	1.0	3	3	0	0	0	3	0	0
SRR6113829	3	1	0.0	1.0	3	3	0	0	0	3	0	0
SRR6113830	3	1	0.0	1.0	3	3	0	0	0	3	0	0
SRR6113831	3	1	0.0	1.0	3	3	0	0	0	3	0	0
SRR6113832	3	1	0.0	1.0	3	3	0	0	0	3	0	0
SRR6113833	3	1	0.0	1.0	3	3	0	0	0	3	0	0
SRR6113834	3	1	0.0	1.0	1	3	0	3	0	0	0	0
SRR6113835	3	1	0.0	1.0	1	3	0	3	0	0	0	0
SRR6113836	3	1	0.0	1.0	1	3	0	3	0	0	0	0
SRR6113837	3	1	0.0	1.0	1	3	0	3	0	0	0	0
SRR6113838	3	1	0.0	1.0	1	3	0	3	0	0	0	0
SRR6113839	3	1	0.0	1.0	1	3	0	3	0	0	0	0
SRR6113840	3	1	0.0	1.0	1	3	0	3	0	0	0	0
SRR6113841	3	1	0.0	1.0	1	3	0	3	0	0	0	0
SRR6113842	3	1	0.0	1.0	1	3	0	3	0	0	0	0
SRR6113843	3	1	0.0	1.0	1	3	0	3	0	0	0	0
SRR6113844	3	1	0.0	1.0	1	3	0	3	0	0	0	0
SRR6113845	3	1	0.0	1.0	1	3	0	3	0	0	0	0
SRR6113846	3	1	0.0	1.0	1	3	0	3	0	0	0	0
SRR6113847	3	1	0.0	1.0	1	3	0	3	0	0	0	0
SRR6113848	3	1	0.0	1.0	1	3	0	3	0	0	0	0
SRR6113849	3	1	0.0	1.0	1	3	0	3	0	0	0	0
SRR6113850	3	1	0.0	1.0	2	3	0	0	0	0	3	0
SRR6113851	3	1	0.0	1.0	2	3	0	0	0	0	3	0
SRR6113852	3	1	0.0	1.0	2	3	0	0	0	0	3	0
SRR6113853	3	1	0.0	1.0	2	3	0	0	0	0	3	0
SRR6113854	3	1	0.0	1.0	2	3	0	0	0	0	3	0
SRR6113855	3	1	0.0	1.0	2	3	0	0	0	0	3	0
SRR6113856	3	1	0.0	1.0	2	3	0	0	0	0	3	0
SRR6113857	3	1	0.0	1.0	2	3	0	0	0	0	3	0
SRR6113858	3	1	0.0	1.0	2	3	0	0	0	0	3	0
SRR6113859	3	1	0.0	1.0	2	3	0	0	0	0	3	0
SRR6113861	3	1	0.0	1.0	2	3	0	0	0	0	3	0
SRR6113862	3	1	0.0	1.0	2	3	0	0	0	0	3	0
SRR6113863	3	1	0.0	1.0	2	3	0	0	0	0	3	0
SRR6113864	3	1	0.0	1.0	2	3	0	0	0	0	3	0
SRR6113865	3	1	0.0	1.0	2	3	0	0	0	0	3	0
SRR6113866	3	1	0.0	1.0	2	3	0	0	0	0	3	0
SRR6113867	3	1	0.0	1.0	2	3	0	0	0	0	3	0
SRR6113868	3	1	0.0	1.0	2	3	0	0	0	0	3	0
SRR6113869	3	1	0.0	1.0	2	3	0	0	0	0	3	0
SRR6113870	3	1	0.0	1.0	2	3	0	0	0	0	3	0
SRR6113871	3	1	0.0	1.0	2	3	0	0	0	0	3	0
SRR6113872	3	1	0.0	1.0	2	3	0	0	0	0	3	0
