Gene	importance
Trem2	0.026718657250775744
Treml1	0.023120717783144097
Uqcrc2	0.012831379150119565
Rab2a	0.009680266522556153
Dnajb5	0.007846845256424467
Slco1a4	0.007773268439887773
Cirbp	0.007753822522851704
Hspa5	0.007527972639925205
Hdac5	0.007470600445041591
Klhl23	0.007459485326125044
mt-Rnr1	0.006535515521145468
Dbp	0.006410982874434894
Rbm3	0.006050897156613473
Cdc42	0.006006489516721971
Wdr6	0.005906748390832044
Ubqln2	0.005763723677510846
Sptbn2	0.00533496876233311
Pgk1	0.005151413440448795
Hspa8	0.004959387277760506
Pdia4	0.004914747099714488
Srrm3	0.0048920899351025246
Marchf6	0.0048752156391421685
Scg2	0.0047706344070905845
Hyou1	0.004619674566304446
Mib2	0.0039056565120901363
Jade2	0.003458015537611715
Tnfrsf25	0.0034121107008711475
Map2k1	0.003408419014473285
Dgkz	0.0033995002125522082
Hmgn2	0.0033963461018042414
Prdm2	0.003392219253549055
Trim9	0.0033919513840306365
Nrp2	0.003354468238982181
Fosl2	0.0033051736242203466
Selenof	0.003303695693985062
Ywhae	0.003114207758726244
Pdha1	0.002937926353258261
Pdia6	0.002876294959733167
Sprn	0.0028702192204024314
Paqr8	0.002852189146731276
H3f3b	0.0027412719983313416
mt-Nd2	0.002738061512934861
Mtdh	0.002724125639811515
Actr3b	0.0027228368364769647
Cdkn1a	0.002647049373412895
Ppp6r1	0.0026364672630370843
Hsph1	0.002634242084899638
mt-Nd3	0.002620274028441715
Xbp1	0.0026066784491634454
Vcp	0.002603960825765547
Necap1	0.002592307619614975
Itfg1	0.0025887547646215314
Mid1	0.002586722797272335
Tspan3	0.002576013004634961
Akap5	0.002508246679566126
Dcp2	0.0025004748242899717
5031439G07Rik	0.0024961506729540067
Sptbn4	0.002433285883592548
Pdia3	0.0024328246756694758
Fam163b	0.0024147238346221285
Manf	0.002367873850869552
Mllt11	0.002346913184323339
Cnbp	0.002335823661177347
Ndn	0.0023352170151037174
Ywhaq	0.002332458843802952
Srpk1	0.002331755220959028
Eif4b	0.0023276050051076816
Ptprb	0.0023244004915778556
Cntn2	0.0022839702492916656
Homer1	0.002258646356265015
Eid1	0.002232511811063783
Xpo1	0.002219355804220237
Gad2	0.002197356263586543
Cdc42se2	0.0021792521155953246
Htra1	0.002169750457041957
Vdac2	0.002169620707050927
Hspa1b	0.002126473329929476
Tpt1	0.002113613134949251
Ran	0.002093178679888251
Klf6	0.0020906564831049963
Lcn2	0.002073258354709603
Dcaf7	0.0020721026936748625
Kmt2a	0.002038409853738133
Bicd2	0.0020173586515660684
Sumo2	0.0020162522702421534
Ppp2r2b	0.0020146888011976717
Kcnj10	0.002012264787523161
Gpt2	0.002008873365163949
Per3	0.002001190540819619
Itm2a	0.001999407952952621
Slitrk1	0.0019983207513347336
Slc25a12	0.0019838091578512607
Ptprn	0.001967357738069498
Slc25a25	0.0019541722000438666
Sparc	0.001942887204423845
Vbp1	0.0019420065509233714
Ywhab	0.0019406622765146108
Parp1	0.0018978069209438502
Gas6	0.00188509095331708
Kcnj13	0.001876797932897564
Usp2	0.0018384480781570237
Appbp2	0.001833578589631344
Rnf11	0.0018313442100454595
Setd7	0.0018299349906443821
Flywch1	0.0017980579930963081
Rab10	0.0017946479572699117
mt-Rnr2	0.0017905050024995576
Atp6v1g2	0.0017767360705268798
Rap2b	0.0017681037372923411
Pdcd4	0.0017440211999969917
Zfp46	0.0017327130823964715
Dnaja4	0.001719054455485543
Dst	0.0017184390866000004
Slc39a6	0.0017164374095621207
Mfap3l	0.001714293639202046
Ncan	0.0017076902698676428
Ncdn	0.0016935191027291712
Wipf3	0.0016638421158758363
Atp5mc3	0.0016569044466805763
Chgb	0.001648542442609264
Zfr2	0.0016473090026454232
Slc5a3	0.0016419580659560494
Sbk1	0.001640990840682476
Lancl2	0.0016396993247547466
Cdr1os	0.001626434425981666
1500004A13Rik	0.0016008938300577566
Rsrp1	0.00159999775427696
Rasd2	0.0015918374851137478
Magee1	0.0015740080013698842
Psmd1	0.001569859628066357
Akt2	0.0015676153301964987
Fam107a	0.001562819229388833
Atp5f1a	0.001533754455209467
Cx3cl1	0.0015323366915827087
Cacnb4	0.0015201634292550431
Ilrun	0.0015131353070041607
Taok2	0.0015123712539753037
Ccdc85b	0.001481607881202775
Mpv17l	0.0014741731941118733
Hnrnpul2	0.001454662655091281
Actg1	0.0014489189778520233
Usp22	0.001445718395015483
Adgrl3	0.0014435107848986264
Reep1	0.0014390260105380318
Man1b1	0.0014342600556439683
Unc5d	0.0014195174664133501
Kcnf1	0.0014175987264391393
Rassf3	0.0014170166088334196
Slc31a1	0.0014047191547201343
Tubb5	0.001403632049492607
Mir9-2hg	0.0013810181245558256
Pde4a	0.0013800286097075893
Epas1	0.0013743557689415984
Pgam1	0.0013662531745885823
Eif4h	0.001363361991436325
Prepl	0.0013397905896755497
Pcsk2	0.0013348194659637365
Ddx1	0.0013318527052298462
Gm12940	0.0013253775814468414
Ipo13	0.0013250949966989733
Rufy3	0.0013219605002674228
Pcp4	0.0013188820707224257
Wnk1	0.0013187920247756503
Mafg	0.0013074480019944572
Ubfd1	0.0012954570225721155
Malat1	0.0012900946953350414
Hmgb1	0.0012732558875140545
Slc4a4	0.001272931118982843
Vps29	0.001260160672352054
Chordc1	0.0012587912814614472
Ptpn23	0.0012488342746997
Rgs14	0.0012482961077797253
Kcnh1	0.001247608991605602
Frmd6	0.0012411331097491704
Slc12a5	0.0012377269309594343
Stx12	0.0012319526708417599
Mtmr4	0.0012319026154000352
Adora1	0.0012301695183806127
Ier5	0.0012219918613397877
Zmynd8	0.0012194127166788287
Rasgef1a	0.001216345929038489
mt-Nd4l	0.0012157668180392844
Hs3st2	0.0012147753152195225
Septin4	0.0012138399461251732
B4galt6	0.0012104904864590185
Pcbp3	0.0012049681583551062
Scg3	0.001204721967179817
Egr2	0.001201131402710287
Apod	0.0011996991405485123
Naa60	0.0011946079416411
Galnt16	0.0011888474353200635
Fxyd6	0.0011822380592801597
Ywhah	0.001182143086777932
Srrm2	0.0011759009570538605
R3hdm1	0.001173247844243604
Ppp4r2	0.001164064783679431
Dnajb2	0.0011629496247011159
Jph1	0.001157301024041905
Gnas	0.0011571143144028244
Avp	0.0011557447523338504
Tnpo1	0.0011556205548532335
Galnt9	0.0011553386583594658
Trib2	0.0011528135946138043
Pcmt1	0.001152385003672564
Ttc14	0.0011505912097708661
Prpf8	0.0011464533722941083
Ppp1cc	0.0011412089834727317
Apba1	0.001139058406594944
mt-Nd5	0.001137162944883626
Clip2	0.0011309459937522061
Csmd3	0.0011283799937168142
Vcam1	0.0011185892766437085
Slc24a2	0.0011073543413462742
Cert1	0.001096325479279481
Sec23a	0.0010929503458745862
Firre	0.0010648840787309676
Arhgef9	0.0010628323075121337
Anxa11	0.0010602072319775562
Uqcrfs1	0.001059159282485206
Dynlrb1	0.0010587354227102632
Dlgap1	0.0010557694868155274
Btg2	0.0010556804553925733
Ptpre	0.0010554459878629693
Arfgef3	0.0010551308465264224
Plcb1	0.0010534517555482548
Xrn1	0.0010507278287422018
2900040C04Rik	0.0010456067769897557
Scn2b	0.001039099023428608
Elmod1	0.001025392898934283
Cpsf7	0.001020968713000253
Mfn1	0.0010199897944493106
Ptpra	0.0010183444178420479
Nme1	0.0010154275692030824
Pogk	0.0010147286629460053
Rai14	0.0010114266873127767
Kif21b	0.0010069033700293706
Etnk1	0.0010059847134065063
Pcsk1n	0.0010053629453652994
Gm42860	0.0009973977390906421
Kif1c	0.0009972507451028701
Trib1	0.0009971225137330579
Lrrc7	0.0009913910179192085
Slc12a2	0.0009909042608112818
Nudcd3	0.0009872760128125865
Xrn2	0.0009869556015505345
Neat1	0.0009830847701446435
Abcb1a	0.0009820583315323845
Or4k5	0.0009716420334239986
Cd47	0.0009681823494204185
Cds1	0.0009676197360805371
Ddx3x	0.0009632667864050831
Ptn	0.000961932798264373
Rnf10	0.0009613748071070177
Cacna2d1	0.0009601324787775747
Mpc2	0.0009599274054558432
Tnk2	0.0009594775209748751
Cpne2	0.0009589631143414758
Elavl1	0.0009553378560978906
Rpl23	0.0009536476395069309
mt-Nd6	0.0009476499088484096
Tmem151b	0.0009469945372304122
Cabp7	0.0009422948013207738
Adamts1	0.0009398482997219875
Sart3	0.0009382386071623505
Hnrnpa3	0.000936014995009633
Gcc2	0.0009350902562125481
Kcnd2	0.0009305229440591985
Oxt	0.0009295879628751505
Pcdh7	0.0009267453655815157
Socs7	0.0009215194620618918
Kdm7a	0.0009186516857923034
Ehmt1	0.0009139759165188127
Cplx1	0.0009133549742810047
Med25	0.0009088370086504413
Ptges3	0.00090786038428866
Vkorc1l1	0.0009005981737021558
Camk2b	0.0008996448534721324
Dtna	0.0008993338267949669
Cep290	0.0008973790380564366
Tubb2b	0.000893125293036217
Zbtb16	0.0008927249796621462
Cab39l	0.0008918735042905592
Serpina3n	0.0008902392102926074
Pmm1	0.0008894826680672269
Arfgap1	0.0008843288302069539
Napg	0.0008828483695800346
Adgrl2	0.0008824430935343589
Adgrb3	0.000880770775980506
Jade1	0.0008804540873645257
Cdc40	0.0008763645442643111
Meg3	0.0008758380971899191
Per1	0.0008754673503945129
Zfta	0.0008748656893971372
mt-Nd4	0.0008688908392151712
Stip1	0.0008658983687095251
Diras1	0.0008619756630857843
Atp5pb	0.0008618543468791997
Lrrc4c	0.0008599274494051456
Hpcal4	0.000859875098939311
Atp6v0d1	0.0008588645184391296
Bsg	0.0008581814947810599
Slc25a4	0.0008578930571573332
Tbc1d9	0.0008547193802153857
Rnft2	0.0008505840315725575
Tmtc1	0.000850369722206064
Eml2	0.0008461953780271558
Dhx36	0.0008452818694085574
Ptgds	0.0008452500574341169
Scn2a	0.0008424497616124648
Ireb2	0.0008420593368237347
Synj2	0.0008406693537855789
Clasp2	0.0008371529161684602
Prickle1	0.0008366936623728946
Dclk3	0.0008345294949307214
Fbxl19	0.0008342787334900904
Kbtbd11	0.0008257859723158213
Calm3	0.0008252377610517687
Supt20	0.0008245373361761859
Mgat5	0.0008244127508690189
Ube2l3	0.0008229066584040345
Syn1	0.0008224972100533059
Kcnh3	0.0008218019060385379
Rab6a	0.0008209864699555136
Chd3	0.0008203248952489108
U2af2	0.0008198825729496598
Fmnl1	0.0008104013236713742
Zfp318	0.0008072435121098412
Cox4i1	0.0008034568370807167
Slco1c1	0.0008021319615107902
Ash1l	0.0008011612008626303
Nr4a3	0.0008006079264024225
Sec62	0.0007948914008087993
Tm9sf3	0.0007948564097101785
Plxdc1	0.000794671736301772
Ctbp2	0.0007938384536249148
Etv1	0.0007926115831264326
Ctdsp2	0.000789189158961619
Dnaja1	0.000788669459431287
Jak1	0.0007823546536906137
Map3k2	0.0007768392821626591
Bcl2l2	0.000773967899927536
Efnb2	0.0007720414946770542
Ypel2	0.0007671982207427392
Egr1	0.0007650711959455113
Crim1	0.0007646106218709377
Ppp1r16b	0.0007636164139383566
Map1b	0.0007620163493783452
Aldoa	0.0007593182357064683
Gm49325	0.0007553786680878276
Fbxo34	0.0007535547090250568
1110004F10Rik	0.0007532954235834212
Gpm6b	0.000751288251491785
Tnks1bp1	0.0007492680201675697
Map1s	0.0007489216572086572
Ak4	0.0007487761799054851
Zzz3	0.0007444650392274956
Gm3716	0.0007433513240543535
Bex3	0.0007433363856687647
Hif1a	0.0007427835701088578
Rps11	0.0007426047342013728
Mat2b	0.0007409064189858926
Rai1	0.000739926448047143
Aco2	0.0007384431530163598
Panx2	0.0007375231246002346
Zfp365	0.0007359061476334638
Igf2	0.0007358592650243229
Opa1	0.0007345774171808177
Gm28036	0.0007326283058967615
Wasf1	0.000732132556221798
Dgke	0.0007314201060255811
Mta3	0.000728753304840998
Gabra3	0.0007278736482804184
Rapgef4	0.000727303517771825
Baiap2	0.0007254305404983791
Sdcbp	0.0007250685081057349
Plec	0.0007225102585190098
Asah1	0.0007208216619981328
Ptprj	0.0007177296380727753
Sucla2	0.0007175139753761272
Enpp2	0.0007169270289048493
Fam117b	0.000716589203019026
Nr3c2	0.0007156893529576909
Cpsf1	0.000714721651205972
Ogdh	0.000709225588233592
Pcnp	0.0007082584559543093
Rgs7	0.0007081129366409205
Lars2	0.0007062827371866455
Plxnd1	0.0007030211041166003
Gdf1	0.0006996619445211501
Mfhas1	0.0006990508811038332
Atp5if1	0.0006867849767430628
Ubb	0.0006813103438406041
Abcd2	0.0006781607505377073
Parm1	0.0006760008467126002
Prkcd	0.0006735947408444301
Jpt1	0.0006721950799295271
Tle5	0.0006685385583699788
Gsk3b	0.000663145240477074
Bcl11b	0.0006621925779534474
Phactr1	0.000661974456522403
Desi1	0.0006608032596829289
Bex2	0.0006593223413516235
Anks1b	0.0006590922591081683
Xpr1	0.0006590656975396536
Gucy1b1	0.0006588464198723921
Xiap	0.0006524659374400306
Hba-a2	0.0006523772171891275
Htr2c	0.00065203254194119
Dio2	0.0006476927777912881
Taok1	0.0006472182102514062
Gprc5b	0.0006460741236368384
Sec63	0.0006439370120693545
Ywhaz	0.0006434337223485212
Nckap1	0.0006421284046926731
Cyria	0.0006367205707683447
S1pr1	0.000635575837893903
Gm37375	0.0006354143355749391
Nyap1	0.000634825879670425
Cotl1	0.0006344609355763136
Uba1	0.0006341883375064895
Scube1	0.0006341404979892189
Nptx1	0.0006324299875667895
Mgst3	0.000631976079292228
Ptprn2	0.0006316987259395634
Dctn1	0.0006306557337559822
Gria4	0.0006297027582963016
Amigo1	0.0006296827090059885
Ubn2	0.0006296779531580996
Slc3a2	0.0006289618787619143
Sacs	0.0006288443328614364
Vwa5b2	0.0006287102107878628
Dpp10	0.0006276823660226198
Actb	0.0006269944948939644
Rims4	0.0006265516991092862
Tcea1	0.0006239984767420377
Chp1	0.0006228141312844042
Cd34	0.0006208875298926019
Coro6	0.0006190617934581398
Cnksr2	0.0006159301127082039
Ddi2	0.0006154969031742754
Gm43305	0.0006146982454333424
Gpr22	0.000612527512436975
Cga	0.0006124591708348055
Thra	0.0006114578943274622
AI593442	0.0006105770932451602
Calb2	0.0006096433018376353
Snrnp200	0.000606530385908369
Rgs7bp	0.0006062292391310425
Fam168b	0.0006057867585207796
Pgbd5	0.0006048252101276451
Lrp8	0.0006047285258665681
Elk4	0.0006022876266904874
Trnp1	0.0006022431329054351
Dctn2	0.0006009029404397141
Pitpnm2	0.000599517228138826
Syt17	0.0005952862887524045
Ankrd11	0.0005926751863066641
Cfap36	0.0005922317904400769
Tmem191	0.0005904833947887445
Myrf	0.0005828973046805579
Odc1	0.0005818928992797839
Brsk2	0.0005809748520885452
Dync1h1	0.0005809503820541267
Ankhd1	0.0005807044550714045
Nalcn	0.0005776519048670169
Tspan7	0.0005771435156448342
Ints3	0.0005740756521536168
Trpm3	0.0005739556973749795
Rab7	0.0005731456584461102
Pea15a	0.0005661061166931077
Stard4	0.0005652490478250179
Erbin	0.0005632354318174724
Lrp6	0.0005627576666423335
Mir6240	0.0005609472751250963
Rbm39	0.000559279470227473
Pcsk1	0.0005551872688254243
Map1a	0.0005533755669272292
Slc24a3	0.0005520493904001757
Guf1	0.0005512445298523394
Tnxb	0.0005512401132701886
Glce	0.0005507766328071248
Sod2	0.0005492900948258091
Atp1b2	0.0005481728502361047
Slc25a23	0.0005462712813620073
Flot2	0.0005459184144138841
Gm48275	0.000541987248370227
Shroom2	0.0005407203768232678
Gabarapl2	0.0005398192206189269
Pde1b	0.0005397354481297727
Col8a1	0.0005387019688807508
Tmem44	0.00053670898994659
Ppp3cb	0.0005342932494635282
Azi2	0.0005341608673535914
Gm20300	0.0005333682030485155
Brsk1	0.0005327182035054515
Kcnh4	0.0005322343393206481
Klhl3	0.0005306465402661772
Foxo3	0.000529208216040401
Srgap2	0.0005287658313671807
Chmp3	0.000527011512086139
Sv2b	0.0005268751605936252
Vps37a	0.000526800728355775
Limk2	0.0005266617669359178
Nudt4	0.0005252943980622552
Smc5	0.0005241137091622816
Ccpg1	0.0005227377523624198
Tomm40l	0.0005220596318993941
Atp6v1a	0.0005216174010909361
Mtrex	0.0005211174723243933
Timp3	0.0005167622814009562
Kpna3	0.0005149440776175718
Itpr1	0.0005122315833324029
Ndrg2	0.0005119416941539742
Fbxl18	0.0005109649906405032
Arhgap33	0.0005100588445368246
Gpr162	0.0005080060645840556
Gramd4	0.0005058249733716039
Stx6	0.0005044034232367539
Jakmip1	0.0005014881542722196
Daam1	0.00050056749498775
Bc1	0.0004999199404884763
Scn4b	0.0004989201073720409
Tax1bp1	0.0004984362549879301
Homer3	0.0004978711964456225
Rhobtb2	0.0004965338269961605
Mmd	0.0004955831050023207
Nr4a1	0.0004930835271580894
Eloc	0.0004929993299106716
Scamp1	0.0004928393788786295
Atxn2	0.000491171658986175
B4galnt4	0.0004910870105590925
Olfml2b	0.00048921933412693
Camk2a	0.0004891612216160655
Slc25a5	0.0004876995646689928
Hars1	0.0004872372731011473
Gga3	0.0004870897224429594
Bsn	0.0004825877432260411
Aff3	0.00048024948306103657
Rictor	0.00047774778111362646
Shank2	0.00047679776778945267
Mdh2	0.00047497972815107
Ttf1	0.000474385214147346
Arhgef3	0.00047364486295787856
Slc2a1	0.0004734371193261561
Peg10	0.00047063756304197154
Gabrb3	0.0004700647260260953
Tdrd7	0.0004698335459967387
Cldn2	0.000469562805045072
Fat4	0.0004691134299115524
Dctn4	0.00046766417189586464
Smarca1	0.0004676066815813362
Uggt2	0.0004674566427962372
Dok6	0.00046657828605539686
Mbp	0.00046648906487351785
Pygo1	0.0004664351192848602
Dscam	0.00046632178992374426
Prmt8	0.0004650833955688325
Nap1l3	0.00046500779772406137
Gfra2	0.00046324350879292967
Megf9	0.0004627286937241791
Cnih2	0.0004600075476195205
Srsf5	0.0004596740297949844
Tshz2	0.0004588929246028236
Ubr4	0.0004582355042182279
Ppp2ca	0.0004577508698198356
Phc3	0.00045772836176964703
Hras	0.0004577239447225251
Rtn3	0.00045724639787390496
Hs6st1	0.0004570271355717718
Miat	0.00045551924473493115
Unc13a	0.0004548379345274091
Erdr1y	0.00045449326132438096
Sez6l	0.00045229958011912903
Btf3	0.00045165152605346567
Pbxip1	0.0004490354636808832
Mib1	0.0004475881261595546
Steap2	0.0004475472669937892
Cul4b	0.0004473849549495163
Cadm1	0.00044520066732969853
Clock	0.0004449697136482508
Rasa3	0.0004440559962948022
Psmb1	0.00044396970904742906
Zscan26	0.00044300897421521257
Epb41l4b	0.00044266424722241236
Abi1	0.00044129520642327737
Pgrmc1	0.0004397439228274554
Nfix	0.00043949870184106164
Elavl2	0.0004392840197342201
Tprg1l	0.0004387998930300099
Mphosph9	0.00043694376420369427
Synpo	0.00043647190627302913
Tbc1d9b	0.0004358195684172453
Arhgap1	0.00043466856205744397
Slc11a2	0.00043290295031958906
Atp5f1d	0.0004328560681928974
Mrs2	0.00043192285549798496
Adgrl4	0.0004312524645416284
Dnm2	0.000431007411506975
Gria1	0.00043070204114548685
Napa	0.0004295371387762692
Vps39	0.00042905395768709823
Aebp2	0.0004239783168686239
Scoc	0.00042395833498347997
Wnk2	0.00042348486285361203
Hecw2	0.00041947183931229223
Mbd5	0.0004190230245129063
Hcn1	0.00041838984063876955
Neurod6	0.0004164368444574701
Tgfb2	0.0004153931907691309
Sh3bgrl	0.0004152204801879962
Penk	0.0004148803800067581
Slc8a1	0.00041327021277105634
Cd81	0.0004131057457307866
Asph	0.0004129426654249349
Rps6ka2	0.0004114470865010228
Otud7a	0.00041069287327561197
Lmna	0.0004105340796585288
Tm9sf2	0.0004099604748443783
Bicd1	0.0004096746846343619
Nptx2	0.00040908128869409944
Fbxl16	0.00040803406610606365
Apaf1	0.0004073632422650225
Phf3	0.00040734487125369367
Smg1	0.00040399299371380026
Ptprz1	0.00040247637666992504
Ptp4a2	0.00040227629667980325
Sobp	0.0004017968338548282
Nectin1	0.0004003768252472916
Prr32	0.000398953890416043
Erhrt-ps	0.00039737604443486796
Golt1a	0.0003960804213623044
Strn4	0.00039501945600246596
Osbpl10	0.0003945420858692504
Nt5dc3	0.0003944068080144181
Pdk1	0.00039401456135300687
Ccnt1	0.0003929060307207728
Fosb	0.0003922192844023952
Nop53	0.00039137675795706904
Odf2	0.000390863586675105
Evl	0.0003907941885953343
Kctd4	0.0003906756714892033
Tnks	0.0003900783862617681
Vat1l	0.00038995241949560383
Kctd12	0.0003889769704135651
Ptpru	0.00038896507064078815
Gpat4	0.00038811476129677297
Sltm	0.00038807211344524766
Rps17	0.00038778742808146427
Adra1b	0.000387664844294954
Btf3l4b	0.00038734660142430885
Uhrf2	0.0003872481838783937
Tmem198	0.0003864320086280817
Tspan13	0.00038618134527550847
Dicer1	0.00038527867337316655
Zfp704	0.00038527294997245826
Stau2	0.00038457786740712387
Phip	0.0003844058902264232
Cracdl	0.0003842964626138158
Dync1li2	0.0003832551385005774
Fam219a	0.0003829518961326755
Rpl22l1	0.000382619899453441
Khdrbs3	0.0003820562592566071
Rabgap1l	0.00038144749208682646
Adcyap1r1	0.0003807471118228984
Pdp1	0.00038044731713231304
Zhx1	0.0003802617459185349
Arl8b	0.00037980505402171656
Mt3	0.0003789487334737894
Mycbp2	0.0003787301543321051
Plppr4	0.0003780605678793775
Phf20	0.0003774740625891042
Swi5	0.0003769908686367302
9330162G02Rik	0.0003766795357375927
Timp2	0.00037640415928934414
Exoc3	0.00037455903417569375
Slc39a7	0.0003742485941438821
Myh9	0.00037310684053992217
Pcdh17	0.00037309706000805486
Pafah1b1	0.0003719459694322225
Prkar2b	0.0003715261675022065
Rpl7	0.0003706748052544607
Grin2b	0.00036931672728573854
Pianp	0.00036888991438238595
Chd2	0.0003683251494879932
Erlin2	0.000366894573304456
Rgs17	0.0003668029942081623
Capzb	0.0003664618239528836
Fgfr2	0.0003661729202583843
Igfbp5	0.0003653668720534619
Fam193b	0.0003653001113449137
Herc2	0.00036509823411419153
Gm48161	0.00036355680661062374
Hexb	0.0003619335961561207
Tiam1	0.0003618241697293392
Ncam2	0.00036099484214129036
Bcan	0.00035985441744604036
Lrpprc	0.0003593268886501971
6430584L05Rik	0.00035905939981044604
Nsf	0.0003585264088130876
Zfp62	0.00035784823494320695
Rpl30	0.0003575742754025953
Sort1	0.0003573726628429644
Fxr2	0.00035683071130832326
Trpm7	0.00035553945855199714
Dgcr2	0.00035526597004407307
Rpl38	0.0003550646337289364
Rpl35a	0.0003550451225954695
Cpd	0.00035457421835130814
Schip1	0.000354533749733506
Dlst	0.0003544310998124106
Cops8	0.00035387903518802494
Calb1	0.0003534408027461531
Gpi1	0.00035310869288532527
Ufm1	0.0003518043560008939
Atp2a2	0.0003515057062540126
B230219D22Rik	0.0003511993382961125
Zbtb7a	0.0003507119965639145
Gpr26	0.0003505592723775612
Snrpn	0.00034923210600629965
Rps3a1	0.0003485233654905544
Rbx1	0.0003481958762886598
Ext1	0.0003479928229611644
Hpca	0.00034758662877593056
Fxr1	0.00034686866980689025
Ecel1	0.00034616892287598776
Ube2ql1	0.0003457573070342801
Apoe	0.00034543241695303553
Ehd3	0.0003448662813054688
Spata31f1c	0.00034149312841427987
Rbbp7	0.0003402429665758231
Steap1	0.00034008478568064055
Mrpl48	0.00033993132700083203
Slc7a11	0.00033901280277438015
Slc26a4	0.00033876146905627356
Fads2	0.00033868795901556353
Cdh7	0.0003364763564082069
Atp5f1b	0.0003361314406090526
Gfpt1	0.00033603462325651907
Kif13b	0.0003350916966274236
Mt1	0.0003350529706069056
Fut9	0.0003338786999485326
Ate1	0.00033366068231804007
Ephb6	0.0003334274009187719
Kcna1	0.00033308660251665426
Cryab	0.0003316062176165802
Fyn	0.0003276887197426926
Ro60	0.00032683864739419617
Tanc1	0.00032607495409909496
Reep5	0.00032410031276519814
Osbpl3	0.00032410031276519814
Aldh1l1	0.00032397761812655426
Calr	0.0003238643173918255
Snx13	0.00032291680696342975
Epc2	0.00032229186780649766
Uggt1	0.00032149051665441653
Chn1	0.0003214296070281051
Zc3h15	0.000320679107131689
Ttr	0.0003189891514764611
Ap1b1	0.00031886069257203273
Jcad	0.00031860225720114555
Tmem130	0.00031705313704429147
Frrs1l	0.0003158942701084487
Ahctf1	0.0003158239240713468
Apba2	0.00031412427130672577
Tbl1xr1	0.00031390773178282725
Nsg2	0.00031178607706308393
Rasgrp1	0.0003117778672752494
Lss	0.0003117232961298025
Vapa	0.0003111815763308521
Plppr2	0.0003110896196002579
Dstyk	0.0003109142166733789
Rplp0	0.00031054781277796445
Plxna1	0.000309151316283145
Gng7	0.0003079888817822363
Csmd2	0.0003077980738558782
Insr	0.00030613213202288067
Prickle2	0.0003059641427327599
Cox5b	0.0003058196485162777
Mapk6	0.0003056561085972849
Plpp3	0.0003055371801699277
Pip4k2a	0.00030520313742499823
Dpf1	0.00030450390590724995
Guk1	0.0003043967723366791
Arhgap20	0.0003038453528156491
Lnpk	0.00030347335637790176
Luc7l2	0.00030255253647697345
Pabpc1	0.000301907255285536
Ggnbp2	0.0003010008479441188
Fastk	0.0003009323822756659
Chd9	0.00029931354539096096
Bmi1	0.00029795837999637727
Matr3	0.0002979131113166033
Evi5	0.00029778251345795147
Pank3	0.0002974264139312684
Mtcl1	0.00029674988224211017
Myl4	0.0002962939053764876
Samd4b	0.0002961087777841704
Zbtb11	0.00029528383323026205
Pink1	0.00029517826003520983
Elmo2	0.0002945858842416763
Arhgef2	0.00029434181944546314
Slc6a15	0.00029369531111389144
Nnat	0.0002935598705501619
Pnma8b	0.00029327216829631224
Atp2b4	0.0002927984380565413
Acat1	0.00029270442477879045
Cbarp	0.00029244639108931146
Rtn4rl1	0.00029198586144768866
Cplx2	0.00029157244044151256
Huwe1	0.0002912644255204435
Itsn1	0.0002904079208157223
Alkbh8	0.0002899969962672714
Phactr3	0.00028979536835620933
Bcl11a	0.00028943294491808524
Zwint	0.00028873914924451365
Tiam2	0.0002880806028629772
Ppm1a	0.000288002040407815
Med14	0.0002874327187651656
Lnpep	0.0002873305772241942
Atp6v1b2	0.00028712991261316045
Dock9	0.0002863376056722117
Dixdc1	0.0002861295807906778
Mars1	0.00028606830773286816
Ctsb	0.0002857571844034883
Rps15a	0.00028516021793332716
Lgi1	0.00028456390074826904
Mapk9	0.0002843025932177383
Stim1	0.0002841240832020191
Pcnx1	0.00028380715480781594
Oga	0.0002837970703609154
Kpnb1	0.0002837723134306902
Lrrn2	0.000283119433508055
Ptpn3	0.00028216374269005853
Ank2	0.00028131978334003843
Nos1ap	0.00028082574409208424
Cmas	0.00028007808533954566
Mir6236	0.00027991742107685364
Prkce	0.0002794770705907055
Eef1a1	0.00027901724323387776
Csmd1	0.0002787210816231107
Gm38226	0.0002787206737155945
Srpra	0.00027825084024905617
Map4k2	0.00027751481326977897
Cpne7	0.00027748221625322167
Nin	0.00027723910076851255
Dusp3	0.0002770823799653647
Sc5d	0.0002770823799653647
Gabra4	0.0002769025066995718
Trpc4	0.00027673382982435965
Lypd1	0.0002766812379496045
Mrtfa	0.00027660584562742407
Arpc4	0.00027640529896168995
Agrn	0.00027633851468048356
Frmpd4	0.0002756240516497578
Ndufab1	0.00027560929169840063
Ubqln4	0.0002752768760665859
Grik2	0.0002752760098311384
Ppp2r5b	0.0002750394993649122
Lgmn	0.00027455675409054177
H3f3a	0.0002737589878055495
Dbn1	0.0002730208688695786
Atp5po	0.00027288378914318816
Lmo7	0.0002725576698825573
Igf1r	0.0002722883787339189
Rapgef5	0.0002722620035097815
Fbxo21	0.0002722079152650259
Slc44a5	0.00027208646616541356
Selenoi	0.0002717928198166217
Arf4	0.0002710621039334724
Kcnn2	0.00027024405431008307
Lamp1	0.00027001757477113677
Gtpbp2	0.00026936183575441096
Slc38a1	0.00026824477632158227
Egln2	0.0002673775658451085
Mapre3	0.00026718696008549145
Ndel1	0.00026505788821678145
Dyrk1a	0.00026482458028411534
Lpcat4	0.0002647168176127985
Gpr161	0.0002642557989690722
Dipk2a	0.00026423166721674184
Comt	0.000263777673104098
Psd	0.00026314475112645816
Mecp2	0.00026185765164791683
Prkcb	0.00026152597136103043
Unc13c	0.00025924134966688156
Fn1	0.00025906735751295336
Coa5	0.0002581714224082327
Lhfpl2	0.0002577912196425079
Zmym2	0.0002577912196425079
Atrx	0.00025763856346477205
Atp6v0c	0.0002572811760052676
Stard8	0.00025646014759272
Rad23b	0.00025617610545898307
Fads1	0.00025506670181141934
Smg5	0.00025454828781799074
Begain	0.0002529851510496672
Col4a3	0.00025265171858216974
Anln	0.0002526368381315625
Srek1	0.0002515293479828852
Ndufb5	0.00025112138332477317
Ewsr1	0.0002505488000626398
C2cd2l	0.00024951519069166126
Lancl1	0.00024894526106468163
Tex14	0.00024887169568020627
Bbln	0.00024829540157671805
Ermn	0.00024764275386048045
Arpp21	0.0002468336211859528
Pum3	0.0002468336211859528
Grm4	0.00024617346938775515
Ripor1	0.0002445778003442487
Kcnc1	0.00024453733314794225
Dcaf11	0.00024450552558055364
Actr3	0.00024350130645763338
Msi2	0.00024238257835972133
Stk40	0.000238719460181312
Cox7a2l	0.0002382188368577604
Dlgap4	0.00023430142217852388
Ptar1	0.00023331721470019342
Tmx2	0.0002332169709989259
Idh3b	0.0002328604115075728
Thsd7a	0.00023170239266211368
Dcaf1	0.00023095117378729677
Tkt	0.00023050487135618675
Phgdh	0.00023030682716546592
Glyr1	0.00022624699607291478
Potefam3a	0.00022554113870744362
Tbpl1	0.00022421944332392084
Ermp1	0.00022135061161630373
Ccng1	0.00022044545973729293
Myo16	0.00021959267265900552
Eny2	0.0002191225366961317
Elp2	0.00021876771111650875
Cplane1	0.00021866462514701521
Junb	0.0002183257918552036
Ppid	0.0002182550408460463
Scarb2	0.00021776273372018054
Gipc1	0.00021766917293233084
Gm44502	0.00021763995167136527
Evi5l	0.00021761658031088082
Abce1	0.0002171716099445873
Ube2j1	0.00021594163981382034
Hip1r	0.00021575019948015322
Pdcd6ip	0.00021476938519768813
Atp1a2	0.00021243523316062183
Pclo	0.00021192590031102236
Cap2	0.00021159439745827138
Wfs1	0.00020938324399525838
Inpp5a	0.0002092885397212012
Cdc42bpa	0.0002084076652909427
Acot7	0.0002083502010633417
Hexim1	0.00020792932557638444
Irf2bp2	0.00020730397422126748
Ociad2	0.0002072761444489193
C1ql2	0.0002065015901800829
Lmtk3	0.000205231539621895
Hnrnpa2b1	0.00020480256880079956
Pcdh10	0.00020429469586707015
Ntm	0.00020377743566149338
Hp1bp3	0.0002034789931303287
Med15	0.0002034422432767888
Ppfia3	0.00020335086124530645
Usp46	0.00020332654875833872
Mllt1	0.00020330447330447338
Vipr1	0.00020299702687762405
Map3k7	0.000202893251365496
Zeb1	0.00020279681319293526
Larp1	0.00020272695190133764
Tbkbp1	0.00020272338719987275
Pgs1	0.00020256532298417107
Abca4	0.00020255503702074336
Nlgn1	0.00020202646260175858
St6galnac6	0.0002014675631696908
Eri3	0.00020131936549847005
Smg7	0.00020107873866024187
Dynll2	0.0002008818086836258
Ptk2b	0.00020080481731782438
Atxn10	0.00020074464918689303
Cand1	0.00020060351869887743
Zcchc7	0.00020054481900200463
Hacd3	0.0002001195450557391
Mfsd4a	0.00020006100393335852
Mtx3	0.0001999339007241005
Btbd10	0.00019975179825650245
Ctnnd2	0.0001995235526788925
Gabra5	0.00019940776497991052
Paxip1	0.00019936991430474722
Arf5	0.00019934749140798332
Lasp1	0.00019929149666928343
Selenow	0.00019926001778317176
Dpy19l1	0.0001991947305237882
Supt6	0.00019914766819602056
Rps16	0.0001990208843289412
Fabp3	0.000199010593695572
F730043M19Rik	0.0001986944709368637
Lrrc4b	0.00019866793407544308
Sbf2	0.00019848179813667283
AA474408	0.00019838257048381452
Slc2a12	0.00019810462190080952
Tial1	0.00019790903204814289
Tro	0.0001978938081032245
Fjx1	0.00019784231535894487
Cers4	0.0001978051909603531
Set	0.0001977468899784585
Nucks1	0.00019762960775459519
Svop	0.0001975319098205648
Dlk1	0.00019739041422747172
Uba52	0.00019736885426698323
Syt13	0.00019730589959256293
Zfp260	0.00019719670998562605
Bltp1	0.00019719512251759242
Csnk2a1	0.00019705081762799587
Enah	0.0001969082747089883
Sel1l	0.00019684671495351095
Nol4l	0.00019684560182072633
Itpka	0.00019677368194485364
Sanbr	0.00019668990257225546
Slc43a2	0.00019668709553818803
Sppl3	0.00019658772599949077
Unc79	0.00019655932821758398
Zfp397	0.0001964096719042579
Akap6	0.00019613522151593218
Orai2	0.00019609867039899336
D430019H16Rik	0.0001960897700547771
Bap1	0.00019593749593879557
Chd5	0.00019574713306056587
Ap3m1	0.00019549239361760405
Syn2	0.00019543179333755242
Snrk	0.00019541080680977047
Zdhhc23	0.00019519753785333306
Gm49909	0.00019518608414239482
Btbd3	0.0001951096227964871
Gdi1	0.00019506044858200484
Xpot	0.00019487290091436623
Cacnb3	0.00019485882169857866
Hsp90b1	0.00019472395609126128
Arap2	0.00019434747583243824
Rab3c	0.00019432138542086188
Rnf145	0.00019432138542086182
Podxl	0.00019432138542086182
Cbl	0.00019423515302589842
1700025G04Rik	0.0001941876656335625
Fnbp1	0.0001941680967858979
Ppp2r5a	0.00019392952427150823
Bbs1	0.0001935668744179383
Kndc1	0.00019340558255910117
9130024F11Rik	0.00019336020063720735
Kcnb1	0.0001933105563111436
Sf3b3	0.00019309010871740136
Fasn	0.000193077230892357
Usp24	0.000193045054482137
Tubb3	0.00019296130624693944
Tgoln1	0.000192925070005877
Srpk2	0.0001928240480561488
Aktip	0.0001927882884288784
Mark3	0.00019245362410587655
Tceanc2	0.00019239987807949003
Cct8	0.00019234791223804036
Cox8a	0.0001923237061203337
Tfrc	0.00019227262250081593
Sqle	0.00019227262250081593
Ttn	0.00019200879568036886
Uchl1	0.00019194812427895133
Mllt3	0.0001916684631035507
Kctd16	0.00019150713025986777
Rybp	0.00019141355612451155
Edil3	0.00019118710370372293
Psma6	0.0001910112007168458
Mroh1	0.00019100174801667337
Gng2	0.00019020342132565753
Cspp1	0.00018996465761850038
Bcas1	0.00018986510444578449
Prrt2	0.00018984691127411639
Matk	0.00018975745287977744
Pou6f1	0.00018969121310790496
Plekha5	0.00018966636684537733
Cyld	0.00018948106591865354
Pamr1	0.0001894333256652097
Ssu72	0.00018871963338780353
Cbx7	0.0001885606913033776
Asns	0.00018843285858992663
Khdrbs1	0.00018824314525702483
Prl	0.00018820216075194355
Msra	0.00018811125189775092
Rpsa	0.00018788996862427256
Gnaq	0.00018787608753737827
Cdh13	0.00018780639046250046
Rnf157	0.00018780544162754194
Tmem183a	0.0001876968238186092
Thrb	0.00018769451114200266
Rab8b	0.00018752899509013555
Pou3f2	0.0001873786407766991
Entr1	0.000187136393018746
Ptp4a3	0.000186675598589907
Ddn	0.00018667546594234498
Dnaaf9	0.00018661633473586578
Ina	0.00018652849740932647
Mdh1	0.00018593686023991575
Map4k4	0.00018574176418351303
Tmem245	0.00018548250325060771
Nedd4l	0.00018473534958980087
Bag6	0.0001845427517069308
Acbd5	0.0001843494042075602
Bdp1	0.0001843494042075602
Kcnj9	0.00018395610905682015
Vmp1	0.00018320308319003545
Gnai2	0.00018316880219453732
Med1	0.00018277300393841733
Eif2s1	0.00018266398004340462
Coq8a	0.00018252621349291572
Usp10	0.00018187553224866662
Ube4a	0.0001818645088678264
Arhgap44	0.00018136662639280438
Dlg4	0.00018135201890034363
Ap1s1	0.0001811591519938566
Ist1	0.00018102453102453105
Vps45	0.00018086201584329361
Gm10419	0.00018081302045928421
Tmed10	0.00018076139849605434
Cul5	0.00018057017425489617
Cald1	0.00018014090568780182
Clcn6	0.00017966344432509854
Retreg2	0.0001788755401601075
Gpr17	0.0001787409195036201
Anks3	0.0001785617955316098
Pnck	0.00017847639116902467
Cog5	0.0001780333312834389
Mybbp1a	0.00017795193914596898
Vtn	0.00017793087741274267
Pla2g7	0.00017774790836312497
Abcg1	0.0001776461880088823
Cops9	0.00017706241115937905
Gm8797	0.0001762767448619525
Atp8b2	0.000176167952866982
Senp3	0.00017574327301770912
Chrna4	0.00017567050402871295
Ppfia4	0.00017548645208219674
Nlk	0.00017537338091461803
Pcsk9	0.0001745852808378022
Tcp1	0.00017449586699668434
Mon2	0.0001741005108880756
Grin1	0.0001733321114369501
Copa	0.00017287865351714004
Aars1	0.0001728275664445877
Slc10a7	0.0001728275664445877
Rpn2	0.0001728275664445877
Peak1	0.00017275331185105623
Vstm2l	0.0001727301203740994
Slc9a4	0.00017078986423195525
Maz	0.0001705313582092908
Fam13c	0.00016986321463933408
Parp8	0.0001695759137769447
Hsp90ab1	0.0001695759137769447
Ccnd2	0.00016957136128120586
Chpt1	0.00016644657054305353
Jup	0.0001663957040102473
Smarca5	0.00016634346046110748
Car11	0.00016621867925850715
Gabrd	0.00016193215869591274
Ccdc6	0.00016182305469463536
Cse1l	0.0001613534099493307
Miga2	0.0001613534099493307
Ankrd50	0.00016119746689694875
Hmgcr	0.00016119746689694875
Map2k4	0.0001597275273745862
Wac	0.00015696161353285622
Eftud2	0.00015626265079750627
Ube2r2	0.00015604365988411268
Atp5mj	0.00015604365988411268
Fth1	0.0001556263782764259
Rab14	0.00015554480980012894
Sf3b2	0.0001554779806659506
Nos1	0.00015545710833668946
Gm21985	0.0001552012778851431
Ddb1	0.00015490323004759197
Nme2	0.00014984632405783214
Anp32b	0.00014857038123167153
Rpl10a	0.0001480424644084438
Usp13	0.00014417004765720573
Stxbp6	0.00014352628475979587
Lifr	0.0001411399058457882
Incenp	0.00013847036877600802
Rpl29	0.00013826205315567016
Stag1	0.00013820264948084498
Gng3	0.00013566812927475144
Pgm2l1	0.0001350795421517838
Raph1	0.00013453355259197323
Btbd9	0.00013324895000287659
Cachd1	0.00013238919025899837
Mast3	0.00013182520065037746
Mcl1	0.00013066527320287094
Shisa4	0.00012978091008210025
Asic1	0.0001296961296961297
Ifngr2	0.00012956670969560308
Acvr1b	0.00012814531755891376
Cdc27	0.00012776036656633668
Dap3	0.00012650339283063988
Dido1	0.00012625455756472333
Tenm2	0.00012547497358335124
Gm48488	0.0001251941762023169
Chchd10	0.00012483492790729014
Rpl7a	0.00012437585157992485
Pja1	0.00012435567010309276
Pdpk1	0.00012435567010309276
Pnma8a	0.00012403905574094669
Celf5	0.00012354144430684011
Rnf141	0.00012299911727675959
Dhx30	0.0001228427649866187
Lrrc8b	0.00012264646232074857
Ahdc1	0.000122479410509861
Celsr2	0.00011738308654276803
Cdip1	0.0001171467737908935
Gps1	0.00011176105103169187
Pltp	0.00011163745072832854
Ybx1	0.0001064735358095879
Sptlc2	0.00010392923163626742
Slc38a2	0.00010369653986675264
Phf14	0.00010359634997316158
Tnrc6a	0.00010353204435554971
Zbed6	0.0001035047794797041
Eif3c	0.00010346722421025842
Zdhhc18	0.00010330506788168859
Sorbs2	0.00010329135855821267
Fmr1	0.00010325742018419072
Bin1	0.00010324766511379107
Mt2	0.00010322284304842458
Gpd1l	0.00010319742701544661
Ogt	0.00010316360468799511
Inf2	0.00010315925942773978
Cit	0.00010312282678892647
Negr1	0.00010310187384228411
Cacna1c	0.00010309829059829079
Grm7	0.00010307926858874126
Zfp266	0.00010306445652735066
Srsf6	0.00010304773735194426
Eif4enif1	0.00010304276248241333
Tuba1b	0.00010300921338755138
Ccn2	0.00010300060560386833
Islr2	0.00010299129257108387
Kcnq1ot1	0.00010298386408264299
Arl1	0.00010297642500656674
Clk3	0.00010297452314259048
Zgpat	0.00010297111686848296
Tgfbr3	0.00010294715174296287
Adora2a	0.00010293538148348773
Arf3	0.00010293406336215168
Ncoa3	0.00010290679736694452
Susd6	0.0001029062893616361
Tomm20	0.00010289999881519874
Ppp1r9b	0.00010289717580091944
Ncoa7	0.00010288898817942808
Slc7a5	0.00010287602312833204
Armcx3	0.00010285347856702317
Tsc22d1	0.00010285347856702317
Vamp1	0.0001028155478417255
Cfl2	0.00010280068728522337
Gm28262	0.00010278669098752436
Dlc1	0.00010274615222433048
Sez6l2	0.00010271793473320575
Alkbh5	0.00010271368907631173
Cadm3	0.00010271264787276084
Usp34	0.00010271157188371256
Fto	0.00010270989041221496
Slc6a11	0.00010270019020820196
Hnrnpll	0.00010269371466577993
Herc6	0.00010266035456196452
Psmc3	0.00010265190563698011
Srsf3	0.00010263350664924189
Pde8b	0.00010261891347279274
Gvin1	0.00010261636757647384
Chmp2a	0.0001026154672395276
Dact3	0.0001026118459585607
Phlpp2	0.00010260499734183922
Prkdc	0.00010260169150221526
9330121K16Rik	0.00010259825948822839
Cnn3	0.00010259342783505175
Cul4a	0.00010256940356385294
Rps6kc1	0.00010255973491267594
Gm22567	0.00010254714514841288
Adam11	0.00010251157143941095
Ssbp3	0.00010250773161220911
Unc5c	0.00010250662620479545
Cox7a2	0.0001024824107261384
Disp2	0.0001024775617207546
Ankfy1	0.00010247359950283658
Sec31a	0.00010240780249923794
Pnpla8	0.00010238793848733351
Cacna1i	0.00010234416288214672
Myef2	0.0001023425963216538
Mtch1	0.00010231795641393705
Tox4	0.00010229399585921323
Dbpht2	0.00010228781338838268
Mapk8ip3	0.00010226617607162237
Ap2b1	0.00010226286942292145
Ptma	0.00010226171252296567
Pcdhgc4	0.00010225631014638121
Gfod1	0.00010223750790638845
Tafa2	0.00010221459437720434
Rnf24	0.00010215752833553882
Rasal1	0.00010207628143133462
Zdhhc22	0.00010207520953789615
Adcyap1	0.00010207439619204322
Gm49342	0.0001020436403440834
Btbd8	0.00010200478593726116
Sfpq	0.0001019682642023068
Impdh1	0.00010196513659648375
Traf7	0.00010193556593233033
Ttpal	0.00010191052227342555
Slitrk5	0.00010190256300114553
Tsc1	0.00010189643619451874
Myrip	0.0001018618335354626
Dusp7	0.00010185968259117228
Syt7	0.0001018063181823157
Eif4g3	0.00010173333216196511
Uqcrc1	0.00010171884866474733
Eif3i	0.00010170456142323142
Spock3	0.0001016933255983178
Ctsd	0.00010168263689946973
Zkscan3	0.00010168263689946973
Plcxd2	0.00010163719167320586
Sowaha	0.00010160982504081767
Hlf	0.0001016017025089607
Mapk8	0.00010158361330928184
Ccdc47	0.00010158028395110467
Cpne5	0.00010157752728785859
Dvl1	0.00010156531077997049
Uba3	0.00010155606052371808
Sema6d	0.0001015541515264421
Col4a2	0.00010149023050788564
Atrn	0.00010145805446104649
Ndufb4	0.00010143619951361334
Adgrb2	0.00010139579257972342
Ephx4	0.00010139418662145906
Lrp3	0.00010138079399833284
Xlr3b	0.00010136975592595937
Abca2	0.00010135033758439618
Vma21	0.0001013486096192864
Grm3	0.00010131493182864961
Slc16a7	0.00010127346130258401
Ezh1	0.00010121660742697337
Prpf40b	0.00010117426630608538
Rpl15	0.00010116735596756357
Sgk1	0.00010113798575054904
Diras2	0.00010107357947106564
Sez6	0.00010105684640113964
Nav3	0.00010103797843131136
Cgnl1	0.00010103765422914352
Slit3	0.00010102908974583118
Samd12	0.0001010101081896618
Cacna2d3	0.0001009975291600133
Shank3	0.00010096797723250588
Kcna6	0.00010093153586828132
Zc3h14	0.00010092430323930118
Zfp91	0.00010091962864005611
Ilf3	0.00010091067159429173
Adarb1	0.00010085058205358966
Car12	0.00010084588121833175
Tnks2	0.00010078960370877346
Gatad1	0.00010078173478496704
Setd3	0.00010075112161130205
Lratd2	0.00010074146942996533
Ppp4r3b	0.0001007216471172737
Tubb4b	0.00010068647511257247
Atp6v0a1	0.00010065670730610848
Vps13d	0.00010061909416748119
Dhx15	0.00010056187480861476
Ophn1	0.00010055289739500295
Meaf6	0.00010054230903308261
Htatsf1	0.00010052955812636661
Sae1	0.00010051101780425086
Olfm3	0.00010048571735683765
Eif1b	0.00010044782627788487
Hipk2	0.0001004107462911542
Rbm5	0.00010039856571547297
Clip4	0.00010037950066285657
Ndor1	0.00010036360993882398
Ngef	0.00010025163911718534
Rprd2	0.00010024698681837066
Baz2a	0.00010019640840277356
Usp5	0.00010017030248966018
Kl	0.00010012080002765514
Gm49601	0.00010009294071311139
Mdga1	0.00010006434559602993
Sox5	0.00010002264953491675
Ankrd10	0.00010002264953491674
Ago2	0.00010000832718257351
Lyst	9.998283973281787e-05
Dnajb6	9.99472812571555e-05
Tubgcp6	9.981302462505467e-05
Pik3r2	9.976000750358854e-05
Smarcc1	9.964129135113598e-05
C4b	9.957810442587264e-05
Podxl2	9.957543866946746e-05
Oip5os1	9.933396703772154e-05
Lynx1	9.93331543143574e-05
Entrep2	9.931181987399778e-05
Tsr2	9.930051083534449e-05
Traf3	9.923096764255251e-05
Slc9a1	9.916506810178004e-05
Bmpr2	9.915570339265176e-05
Tacc1	9.915244089175862e-05
Ankrd28	9.914537897538883e-05
Mtor	9.913365065233031e-05
Nap1l4	9.912142374408653e-05
C630031E19Rik	9.911344550880972e-05
Zfp1009	9.893252864212379e-05
Fam131b	9.89166274140368e-05
Rab22a	9.89166274140368e-05
Tln1	9.887588666274422e-05
Grina	9.88020941075026e-05
Mfge8	9.868153826387215e-05
Sec24b	9.846938775510203e-05
Kdm6b	9.838684097242682e-05
Dyrk2	9.831595349394706e-05
Ipo8	9.829386299974538e-05
Dgkb	9.828064577419153e-05
Cxcl12	9.822821398267931e-05
Dmd	9.815493052896737e-05
Cntnap5a	9.81524086001698e-05
C1d	9.799428953677847e-05
Ndufs2	9.799428953677847e-05
Atp2b3	9.782726615360554e-05
Scn3b	9.774065471045808e-05
Gm35040	9.773981180478109e-05
Ctxn1	9.771783982410169e-05
Dgkq	9.75967434040025e-05
Chn2	9.756123766272961e-05
Man2c1	9.752728742757044e-05
Fdps	9.717728580844105e-05
Man1a	9.717373791621914e-05
Zfand3	9.717373791621912e-05
6330403K07Rik	9.71337553940855e-05
Atxn7l3	9.68754841496403e-05
Cmpk1	9.686443344036123e-05
Cyrib	9.674714497944753e-05
Gsk3a	9.672886740949571e-05
Uba52rt	9.672886740949571e-05
Gabra2	9.672107674684996e-05
Top1	9.640359640359637e-05
Psmd2	9.639063370406656e-05
Slitrk3	9.631810695954949e-05
Ipo5	9.628964416198463e-05
Lztfl1	9.59673810352543e-05
Gls	9.594556305428171e-05
Gmps	9.590062111801244e-05
Ap3d1	9.58639788946745e-05
Gm49388	9.582027492475249e-05
Capns1	9.571988295392545e-05
Agfg2	9.544257715663195e-05
Pcnx3	9.54205187186958e-05
Medag	9.530511503771809e-05
Hspa4	9.505516154452325e-05
Mtch2	9.505516154452325e-05
Ripor2	9.472718799798188e-05
Opcml	9.471666283260485e-05
Sned1	9.451332980744747e-05
Gap43	9.433040078201371e-05
Slc6a8	9.42974473729855e-05
Drap1	9.422907919148522e-05
Nt5c2	9.3568196509373e-05
Kdm5a	9.33268858800774e-05
Sik3	9.32867883995704e-05
Hadha	9.327426500201372e-05
Megf8	9.311273334720375e-05
Spata2	9.211531118747613e-05
Nfia	9.16578468886537e-05
Pcx	9.079301075268815e-05
Rgl2	9.073447238340856e-05
Bri3bp	9.069548872180452e-05
Zfp523	9.068331319640219e-05
Tnfrsf19	9.068331319640219e-05
Hapln4	9.067600945017182e-05
Fam217b	8.922792417938052e-05
Snu13	8.91678056480644e-05
Camsap2	8.897596957298452e-05
Tmem170b	8.894009216589862e-05
Tmem181a	8.89090218088149e-05
Rab35	8.89090218088149e-05
Kpna1	8.88254786450663e-05
Rap1gap	8.882309400444117e-05
Usp31	8.882309400444117e-05
Ecrg4	8.821244115361763e-05
Rian	8.720089640714235e-05
Ciapin1	8.703102453102452e-05
Hmgb3	8.695338757783005e-05
Ppip5k1	8.681258377639236e-05
Col6a3	8.64695340501792e-05
Sf1	8.643932675857003e-05
Arpc1a	8.643932675857002e-05
Fus	8.641378322229385e-05
Atp6v1g1	8.637665592552811e-05
Dtx3	8.637665592552811e-05
Scd2	8.637665592552811e-05
Plagl1	8.637665592552811e-05
Tmcc2	8.637665592552811e-05
Marcks	8.63650601870497e-05
Calm2	8.635578583765112e-05
Chst11	8.380146001248337e-05
Psme4	8.347525207471682e-05
Ttbk2	8.322328527152676e-05
Rap2a	8.317173023055374e-05
Mdm2	8.304423826811884e-05
Anxa6	8.304423826811884e-05
Prkcz	8.304423826811884e-05
Irak1	8.301075268817201e-05
Arc	8.298175368822721e-05
Whrn	8.298175368822721e-05
Slc1a2	8.295723189340208e-05
Prox1	8.295723189340208e-05
Ablim1	8.292158968850698e-05
Ndufb8	8.292158968850698e-05
Sesn1	8.292158968850697e-05
Nek6	8.292158968850697e-05
Hace1	8.29037800687285e-05
Arsb	8.290155440414505e-05
Gon4l	7.991718426501034e-05
Mir124-2hg	7.848080676642811e-05
Apc	7.840216655382532e-05
Abhd17a	7.832792207792207e-05
Ric1	7.832792207792207e-05
Stac2	7.813132539875314e-05
Ppp1r12c	7.813132539875314e-05
Fras1	7.807443365695794e-05
Ctnna2	7.807443365695794e-05
Rpl35	7.807443365695793e-05
Pprc1	7.807443365695793e-05
Pcdhac2	7.807443365695793e-05
C1qtnf4	7.797349709114415e-05
Akap9	7.78895824365045e-05
Zdhhc2	7.785397337636145e-05
Dynlt3	7.785397337636145e-05
5730455P16Rik	7.785397337636145e-05
Kat6b	7.785397337636145e-05
Prdx1	7.785397337636143e-05
Rtn4r	7.785397337636143e-05
Usp45	7.782258064516128e-05
Cs	7.779539408271302e-05
Thoc1	7.779539408271302e-05
Sh3d19	7.777240490006449e-05
Hdgfl3	7.777240490006447e-05
Ints6	7.777240490006447e-05
Tmbim6	7.772855416834474e-05
Rims2	7.772855416834473e-05
Rabac1	7.772855416834473e-05
Nceh1	7.772855416834473e-05
Gda	7.772855416834473e-05
Ank3	7.772229381443299e-05
Ipw	7.772229381443299e-05
Chmp7	7.772229381443299e-05
Dzank1	7.7720207253886e-05
Reln	7.7720207253886e-05
Stk32c	7.7720207253886e-05
Spock2	6.945006702111389e-05
Dnajb14	6.939949658396261e-05
Pds5b	6.93527377262723e-05
Plch2	6.93527377262723e-05
Acly	6.93527377262723e-05
Tmem59	6.917562724014337e-05
Canx	6.917562724014336e-05
Tmem131	6.915146140685602e-05
Sgtb	6.913102657783508e-05
Rps15	6.913102657783508e-05
Nudc	6.913102657783508e-05
Ulk1	6.913102657783508e-05
Ift172	6.911431615323325e-05
Mcf2l	6.910132474042249e-05
Hsp90aa1	6.910132474042249e-05
Atg4b	6.910132474042249e-05
Ndufs4	6.909204814963976e-05
Slc27a1	6.909204814963976e-05
Wdr82	6.909204814963976e-05
Rtf1	6.90864833906071e-05
Kifap3	6.90864833906071e-05
Setx	5.327812284334023e-05
Nsmaf	5.254325218343228e-05
Smdt1	5.2087550265835425e-05
Faah	5.2014553294704236e-05
Wdr47	5.201455329470423e-05
Cracd	5.19026489175743e-05
Lpin2	5.1881720430107525e-05
Letm1	5.1825993555316876e-05
Mycl	5.1819036112229824e-05
Rnf220	5.133169661124149e-05
Cbx3	5.114494601366779e-05
Aacs	5.074628535624764e-05
Mgat1	5.065456339060675e-05
Phf21a	4.9570278853264604e-05
Arl5b	3.787284144427016e-05
Gpr83	3.443752407719124e-05
Grm5	3.365711075718839e-05
Ylpm1	2.9690738695248798e-05
Pde4dip	2.5074163328436436e-05
Ddx5	1.9531068594405143e-05
Rnf150	1.9502526233968016e-05
Myh10	1.6505951578852782e-05
Stag2	1.6392962735282637e-05
Scai	0.0
Ppp2r1a	0.0
Hdlbp	0.0
Mfrp	0.0
Hrh3	0.0
Adam15	0.0
Palm	0.0
Sgip1	0.0
Rnf187	0.0
Hk1	0.0
Lmbrd1	0.0
2900026A02Rik	0.0
Ablim2	0.0
Abl2	0.0
Ncoa1	0.0
Dcn	0.0
Arhgef17	0.0
Mical3	0.0
Sorbs1	0.0
Eef1b2	0.0
Tenm3	0.0
Saraf	0.0
Bod1l	0.0
Ckap5	0.0
Phldb1	0.0
Spire1	0.0
Mlf2	0.0
Klc2	0.0
Abi2	0.0
Rimbp2	0.0
Rabl6	0.0
Ptprf	0.0
Astn1	0.0
Sertm1	0.0
Glg1	0.0
Mapk8ip2	0.0
Ubr2	0.0
Atp5mg	0.0
Crebbp	0.0
Sod1	0.0
Arhgef28	0.0
Actr10	0.0
Gas5	0.0
L1cam	0.0
Mmp17	0.0
Ivns1abp	0.0
C130074G19Rik	0.0
Slc2a13	0.0
Vti1b	0.0
Prnp	0.0
Atp8a1	0.0
Rfx3	0.0
Clcn3	0.0
Ly6h	0.0
Ssb	0.0
Cox7c	0.0
Msl1	0.0
Slc1a3	0.0
Rapgefl1	0.0
Celf3	0.0
Mapk8ip1	0.0
Gtf2i	0.0
Galnt2	0.0
Atf7ip	0.0
Prrc2c	0.0
Trim44	0.0
Dner	0.0
Pik3ca	0.0
Mllt6	0.0
Kcnab3	0.0
Eno2	0.0
Rusc2	0.0
Serf2	0.0
Serinc3	0.0
Snd1	0.0
Usp48	0.0
Gm33989	0.0
Anapc5	0.0
Slc4a7	0.0
Ckmt1	0.0
Ints6l	0.0
Arhgap12	0.0
Rtl8a	0.0
Lats2	0.0
Slc4a8	0.0
Tra2a	0.0
Eif1ax	0.0
Cpeb4	0.0
Lonrf2	0.0
Ptbp2	0.0
Fubp1	0.0
Ociad1	0.0
Dhx33	0.0
Slc25a36	0.0
Celf1	0.0
Rbm33	0.0
Tenm4	0.0
Rpl37	0.0
Vps13a	0.0
Atp6v1h	0.0
Trp53inp2	0.0
Plekha6	0.0
Atp6v0e2	0.0
Npm1	0.0
Syt5	0.0
Marf1	0.0
Ghitm	0.0
Papola	0.0
Srsf2	0.0
Eno1	0.0
Add3	0.0
Ktn1	0.0
Nlgn3	0.0
Sfswap	0.0
Zfc3h1	0.0
Grb2	0.0
Tmem59l	0.0
Sgsm1	0.0
Castor2	0.0
Phyhip	0.0
Ipo7	0.0
Thsd4	0.0
Tecr	0.0
Atp8a2	0.0
Nrcam	0.0
Kansl3	0.0
Rprm	0.0
Efr3a	0.0
Bhlhe22	0.0
Epb41l3	0.0
Cdk16	0.0
Mef2a	0.0
Npepps	0.0
Cmip	0.0
Mapre1	0.0
Map6	0.0
Mtss2	0.0
Gm3764	0.0
Akr1a1	0.0
Akap8	0.0
Ppp1ca	0.0
Mast2	0.0
Spcs3	0.0
Chrm1	0.0
Fyco1	0.0
Tmem121b	0.0
Ccar1	0.0
Uqcrh	0.0
Zfp512b	0.0
Ube2o	0.0
Dnajc7	0.0
Fkbp3	0.0
Nol4	0.0
Scamp5	0.0
Trim28	0.0
Ago3	0.0
Lztr1	0.0
U2surp	0.0
Spen	0.0
Acin1	0.0
Srrt	0.0
Plxnb2	0.0
Ctbp1	0.0
Cacng7	0.0
Sec14l1	0.0
Ptk2	0.0
Slc32a1	0.0
Sdha	0.0
Igfn1	0.0
Cap1	0.0
Lrrk2	0.0
Rps5	0.0
Ap3b2	0.0
Safb2	0.0
Cmtm4	0.0
Ttc9b	0.0
Cic	0.0
Chd8	0.0
Mark1	0.0
Mboat7	0.0
Etl4	0.0
Atp5mk	0.0
Pkm	0.0
Ipo9	0.0
Cckbr	0.0
Wsb1	0.0
Atp5mf	0.0
Hbb-bs	0.0
Pdxk	0.0
Ppp1r7	0.0
Sms	0.0
Myt1l	0.0
Tcaf1	0.0
Git1	0.0
Lzts3	0.0
Ccnl2	0.0
Sdc3	0.0
Mmd2	0.0
Camk2n2	0.0
Crip2	0.0
Cct3	0.0
Chd6	0.0
Rack1	0.0
Rps6ka3	0.0
Dusp8	0.0
St3gal5	0.0
Trim35	0.0
Selenop	0.0
Atp5f1e	0.0
Kmt2e	0.0
Rps20	0.0
Cct5	0.0
Greb1l	0.0
Cacna1g	0.0
Tnpo2	0.0
Gdi2	0.0
Uhmk1	0.0
Phyhipl	0.0
Nuak1	0.0
Gpbp1	0.0
Dennd5a	0.0
Atp5mc1	0.0
Fam3c	0.0
Appl1	0.0
Eef1g	0.0
Ppp1r2	0.0
Eif4e	0.0
Clk4	0.0
Gpc1	0.0
Fam234b	0.0
Hecw1	0.0
Abat	0.0
Htt	0.0
Pnn	0.0
Mff	0.0
Cntn4	0.0
Psmb7	0.0
Gnl1	0.0
Zer1	0.0
Etv5	0.0
Gabrb2	0.0
Akap8l	0.0
Gng4	0.0
Camsap1	0.0
Hook3	0.0
Tppp	0.0
Rere	0.0
Ep400	0.0
Thoc2	0.0
Fgf13	0.0
Slc4a3	0.0
Apc2	0.0
Slc25a3	0.0
Syt16	0.0
Zic1	0.0
Znfx1	0.0
Mapk1	0.0
BC005537	0.0
Cdh11	0.0
Mag	0.0
Grik3	0.0
Adam23	0.0
Eif5a	0.0
Rps25	0.0
Ip6k2	0.0
Morf4l2	0.0
Slk	0.0
Atad1	0.0
Dbi	0.0
Noct	0.0
Exd2	0.0
Rpl10	0.0
Ttl	0.0
Map7d2	0.0
Mphosph8	0.0
Gtf3c1	0.0
Scd1	0.0
Rps18	0.0
Pacs2	0.0
Atp6ap1	0.0
Gnao1	0.0
Ddx24	0.0
Micu3	0.0
Sulf2	0.0
Nacc2	0.0
Pdxp	0.0
Caprin1	0.0
Naca	0.0
Dusp6	0.0
Ano3	0.0
Prdx6	0.0
Dcaf5	0.0
Ube2v1	0.0
Rpl17	0.0
Unc5a	0.0
Dnajc15	0.0
Zcchc18	0.0
A830036E02Rik	0.0
Dagla	0.0
Nr1d1	0.0
Dstn	0.0
Cck	0.0
Tmx4	0.0
Camkk1	0.0
Osbpl8	0.0
Syt11	0.0
Pcdh19	0.0
Prdx2	0.0
Snap47	0.0
Nr4a2	0.0
Atp6ap2	0.0
Myo6	0.0
Golga7b	0.0
Rpl23a	0.0
Pam	0.0
Pde4b	0.0
Ip6k1	0.0
Rps19	0.0
Lct	0.0
Aifm3	0.0
Znrf1	0.0
B3gat1	0.0
Pde10a	0.0
Rpl31	0.0
Serbp1	0.0
Amph	0.0
Kctd1	0.0
Got2	0.0
Satb1	0.0
Syt2	0.0
Nbr1	0.0
Elk3	0.0
Nova1	0.0
Utrn	0.0
Irs2	0.0
Smim10l1	0.0
Stx16	0.0
Prdm8	0.0
Slc4a5	0.0
Phf20l1	0.0
Pknox2	0.0
Erc2	0.0
Epha5	0.0
Dact2	0.0
Or4p7	0.0
Arid4b	0.0
Crtac1	0.0
Map1lc3b	0.0
Ogfod1	0.0
mt-Co1	0.0
Necab2	0.0
Picalm	0.0
Tmem150c	0.0
Gnai1	0.0
Dusp1	0.0
Gde1	0.0
Hspd1	0.0
Gabbr1	0.0
Prdx5	0.0
Rpl10-ps3	0.0
Eef2	0.0
Lrrtm1	0.0
Tmem132d	0.0
Rsrc2	0.0
Tom1l2	0.0
Focad	0.0
Hnrnpc	0.0
Washc2	0.0
Hnrnpl	0.0
Inka2	0.0
Ndst1	0.0
Gm45062	0.0
Tecpr1	0.0
Acsl3	0.0
Wscd1	0.0
Prpf39	0.0
Ccl27a	0.0
Epm2aip1	0.0
Spns2	0.0
Ubxn4	0.0
Sdf4	0.0
Bcr	0.0
Stk25	0.0
Irgq	0.0
Npdc1	0.0
Sema3e	0.0
Hnrnph2	0.0
Myo9b	0.0
Auts2	0.0
Ndufb9	0.0
Tpm1	0.0
Rbbp6	0.0
Zfand5	0.0
Rpl28	0.0
Numa1	0.0
Srsf10	0.0
Bzw1	0.0
Tsc22d3	0.0
Ust	0.0
Atp6v0b	0.0
Gnb5	0.0
Rrp1	0.0
Setd2	0.0
Rnf20	0.0
Kazn	0.0
Pak5	0.0
Ndufa13	0.0
Cpne9	0.0
Thrap3	0.0
Rev3l	0.0
Ice1	0.0
Acaca	0.0
Rpl24	0.0
Zmiz1	0.0
Mcm3ap	0.0
Ddx46	0.0
Abhd12	0.0
Gpatch8	0.0
Bpnt2	0.0
Paxbp1	0.0
Psmc1	0.0
Kitl	0.0
Fkbp8	0.0
Rabep1	0.0
Arhgdia	0.0
Bmerb1	0.0
Cyth1	0.0
Kmt2c	0.0
Zbtb4	0.0
Zdhhc8	0.0
Akt3	0.0
Mturn	0.0
Fos	0.0
Got1	0.0
Pak3	0.0
Golm1	0.0
Ecpas	0.0
Fzd3	0.0
Ptpn4	0.0
Epop	0.0
Sytl2	0.0
Rpl37a	0.0
Sbno1	0.0
Cacng3	0.0
Cdc42bpb	0.0
Rasgef1b	0.0
Rhob	0.0
Adar	0.0
Tmem151a	0.0
Satb2	0.0
Cpsf6	0.0
Cntnap1	0.0
Slc6a6	0.0
Sash1	0.0
Macir	0.0
Zfp207	0.0
Nhsl2	0.0
Ddx3y	0.0
Lmbrd2	0.0
Nxf1	0.0
Scrt1	0.0
Scaf1	0.0
Rbbp4	0.0
Qdpr	0.0
Abhd2	0.0
Cux1	0.0
Pxdn	0.0
Gnb2	0.0
Dock10	0.0
Tet3	0.0
Cab39	0.0
Hcn2	0.0
Rpl18	0.0
Ppp1r37	0.0
Map7d1	0.0
Golga4	0.0
Hnrnpd	0.0
Cacng2	0.0
Col6a1	0.0
Gpcpd1	0.0
Cabin1	0.0
Zcchc12	0.0
Dapk1	0.0
Sulf1	0.0
Nmt1	0.0
Lamb1	0.0
G3bp2	0.0
Mark2	0.0
Usp15	0.0
Cmtr1	0.0
Cpt1c	0.0
Ppp4r4	0.0
Daam2	0.0
Rpl32	0.0
Med13l	0.0
Ap3m2	0.0
Dld	0.0
Zdhhc17	0.0
Srp54a	0.0
Ctnnd1	0.0
Efr3b	0.0
R3hdm4	0.0
Atxn7l3b	0.0
Mapk3	0.0
Fryl	0.0
St6gal2	0.0
Ccny	0.0
Sugt1	0.0
Mga	0.0
Lrp1b	0.0
Jakmip2	0.0
Cend1	0.0
Neurl4	0.0
Prxl2a	0.0
Cox5a	0.0
Trim32	0.0
Rc3h2	0.0
Crtc1	0.0
Kcnc3	0.0
Cct6a	0.0
Gse1	0.0
Crmp1	0.0
Tnrc18	0.0
Snn	0.0
Gmfb	0.0
Cpeb1	0.0
Ankrd46	0.0
Mal2	0.0
Cyc1	0.0
Grcc10	0.0
Pfn1	0.0
A330023F24Rik	0.0
Lpl	0.0
Afap1l2	0.0
Wasl	0.0
Il1rap	0.0
Col25a1	0.0
Rnf227	0.0
Secisbp2l	0.0
Rorb	0.0
Cltb	0.0
Pdzd2	0.0
Camk1	0.0
Rnd2	0.0
Rrp7a	0.0
Kcnip3	0.0
Plxna2	0.0
Chga	0.0
Rasa1	0.0
Baz1b	0.0
Col4a1	0.0
Nwd1	0.0
Nsd2	0.0
Zcchc14	0.0
4933431E20Rik	0.0
Grk3	0.0
Tnfrsf21	0.0
Arf1	0.0
Mapre2	0.0
Rplp2	0.0
Dusp11	0.0
Hs3st4	0.0
Sema7a	0.0
Cul3	0.0
Dennd5b	0.0
Ap2a2	0.0
Gm4631	0.0
Srcap	0.0
Ccni	0.0
Rpl27a	0.0
Kif3c	0.0
Myo18a	0.0
Dab2ip	0.0
Trp53bp1	0.0
Gpd2	0.0
Ptpn5	0.0
Rpl26	0.0
Pik3r1	0.0
Gja1	0.0
Srrm1	0.0
Cox6b1	0.0
Fat1	0.0
Rnf169	0.0
Mfn2	0.0
Ubr1	0.0
Rab11b	0.0
Gm42535	0.0
Ildr2	0.0
Azin1	0.0
Cldn11	0.0
Cdc37l1	0.0
Brwd1	0.0
Ago1	0.0
Cdk19	0.0
Dgkd	0.0
Rab18	0.0
Taf1	0.0
Ccdc127	0.0
Cnnm1	0.0
Nap1l2	0.0
Smap2	0.0
Ndufv1	0.0
H2az1	0.0
Csrp1	0.0
Grik4	0.0
Jph3	0.0
Yme1l1	0.0
Dscaml1	0.0
Ltbp4	0.0
Kcnk9	0.0
Ccdc85a	0.0
Mpped1	0.0
Spryd3	0.0
Pcm1	0.0
Pip4k2b	0.0
Nipal3	0.0
Egr4	0.0
Insig1	0.0
Ndrg1	0.0
Mpp2	0.0
Dzip1	0.0
Zbtb38	0.0
Wbp2	0.0
Cct7	0.0
Kifbp	0.0
Ptov1	0.0
Rac1	0.0
Hectd1	0.0
Pcdhgc3	0.0
Dclk2	0.0
Homer2	0.0
St8sia3	0.0
Stxbp5	0.0
Map4k3	0.0
Amfr	0.0
Atp5f1c	0.0
Psmb4	0.0
Brd4	0.0
Myo1b	0.0
P4ha1	0.0
Fkbp4	0.0
Smim43	0.0
Omg	0.0
Arhgef26	0.0
Bcl2l13	0.0
Atp11a	0.0
Ttc39b	0.0
Dot1l	0.0
Zhx3	0.0
Il16	0.0
Tln2	0.0
Ube2n	0.0
Midn	0.0
Nrp1	0.0
Srebf2	0.0
Nr3c1	0.0
Jun	0.0
Ankrd33b	0.0
Wdr13	0.0
Usp19	0.0
Slc2a3	0.0
Tulp4	0.0
Scg5	0.0
Sv2a	0.0
Pitpna	0.0
Atrnl1	0.0
Dnajc6	0.0
Birc6	0.0
Cpne4	0.0
Ivd	0.0
Mrtfb	0.0
Zfp638	0.0
Klf13	0.0
Rpl5	0.0
Vopp1	0.0
Anp32a	0.0
Skp1	0.0
Zdhhc20	0.0
Rnf14	0.0
Cdh4	0.0
Sin3b	0.0
Rtl8b	0.0
Setd1a	0.0
Lmo3	0.0
Ndufa4	0.0
Igsf8	0.0
Tomm70a	0.0
Limch1	0.0
Rgs2	0.0
Slit2	0.0
Trim23	0.0
Map7	0.0
Npas4	0.0
Pou3f1	0.0
Zfp148	0.0
Atf2	0.0
D5Ertd579e	0.0
Ccdc136	0.0
Mbnl1	0.0
Marchf7	0.0
Zfp462	0.0
Nvl	0.0
Ganab	0.0
Ube2v2	0.0
Atp6v0a2	0.0
Smarcc2	0.0
Atm	0.0
Aqp4	0.0
Rps13	0.0
Adnp	0.0
Pcyox1	0.0
Tspan2	0.0
Slc35f1	0.0
Iqsec2	0.0
Mapk4	0.0
Bptf	0.0
Oxct1	0.0
Cyth2	0.0
Kcnj3	0.0
Ddx50	0.0
Pitpnm1	0.0
Dusp14	0.0
Dync1i2	0.0
Metap2	0.0
Brd2	0.0
Ccn3	0.0
Foxg1	0.0
Acsl5	0.0
Speg	0.0
Med24	0.0
Ap1g1	0.0
Med13	0.0
Kdm2a	0.0
Mir100hg	0.0
Nr2c2	0.0
Dlat	0.0
Vps35	0.0
Snap91	0.0
Ank	0.0
Gm37167	0.0
Zfhx2	0.0
Tmem132b	0.0
Nop56	0.0
Prpf40a	0.0
Actr1a	0.0
Katnal1	0.0
Slmap	0.0
Fhip1b	0.0
Elavl3	0.0
Prrt1	0.0
Lrch1	0.0
Iqsec3	0.0
Elmo1	0.0
Mlec	0.0
Exoc5	0.0
Agap3	0.0
Sart1	0.0
Glud1	0.0
Hivep1	0.0
Zfr	0.0
Norad	0.0
Epn2	0.0
Rpl18a	0.0
Sh3bp5	0.0
Slc8a2	0.0
Atl1	0.0
Ace	0.0
Fam171b	0.0
Caskin1	0.0
Wsb2	0.0
Dzip3	0.0
Rgs6	0.0
Fam168a	0.0
Klhdc3	0.0
Unc13b	0.0
Rgs5	0.0
Pfdn5	0.0
Notch1	0.0
Fhod3	0.0
Chrd	0.0
Spop	0.0
Ehmt2	0.0
Tjp1	0.0
Rusc1	0.0
Sec61a2	0.0
Slc30a4	0.0
Atp6v1c1	0.0
Prkar1a	0.0
Ddx6	0.0
Sh2d5	0.0
Upf2	0.0
Adcy2	0.0
Atmin	0.0
Nmnat2	0.0
Pcdh9	0.0
Nemf	0.0
Sugp2	0.0
Rasgef1c	0.0
Pkp2	0.0
Fau	0.0
Brinp2	0.0
Pmepa1	0.0
Dnajc13	0.0
Becn1	0.0
Smc6	0.0
Septin9	0.0
Ddhd1	0.0
Pdzd4	0.0
Polr2m	0.0
Nwd2	0.0
Gatm	0.0
Luzp1	0.0
Hivep3	0.0
Rpl4	0.0
Rpl14	0.0
Trrap	0.0
Cbx5	0.0
Cyfip1	0.0
Robo2	0.0
Folr1	0.0
Plcb4	0.0
Ttbk1	0.0
Prlr	0.0
Cnot1	0.0
Herc3	0.0
Prpf4b	0.0
Plxnb1	0.0
Zc3h7b	0.0
Gsg1l	0.0
Dnm3	0.0
Slc6a1	0.0
Arhgap35	0.0
Gramd1b	0.0
Ppp3r1	0.0
Dsp	0.0
Pcp4l1	0.0
Kcnq3	0.0
Slc29a4	0.0
Doc2a	0.0
Synpr	0.0
Lrrc58	0.0
Dennd11	0.0
Mgat3	0.0
Prpf19	0.0
Epn1	0.0
Gpr107	0.0
Hnrnpa0	0.0
Rnf182	0.0
Exoc6b	0.0
Nars1	0.0
Dek	0.0
Ube2d3	0.0
Ubp1	0.0
Wdr7	0.0
Acsl6	0.0
Nf1	0.0
Ndfip2	0.0
Tsn	0.0
Polr2a	0.0
Tbc1d24	0.0
Ptpa	0.0
Atxn2l	0.0
Rsf1	0.0
Tlcd4	0.0
Pum2	0.0
Tmem33	0.0
Kcne2	0.0
Cd63	0.0
B3galt5	0.0
Sun1	0.0
Hdac11	0.0
Mn1	0.0
Coro1c	0.0
Rps9	0.0
Tcerg1	0.0
Gm27000	0.0
Vps8	0.0
Wdr1	0.0
Rb1cc1	0.0
Tmem106b	0.0
Cox6a1	0.0
Pfn2	0.0
Rps29	0.0
Cox6c	0.0
Actr1b	0.0
Morf4l1	0.0
Cdk17	0.0
Vdac1	0.0
Col9a3	0.0
Ppm1k	0.0
Trak1	0.0
Klf9	0.0
Clstn2	0.0
Ehd1	0.0
Stx7	0.0
Eif2s2	0.0
Trak2	0.0
Fdft1	0.0
Map3k10	0.0
Slc30a9	0.0
Spock1	0.0
Togaram1	0.0
Dennd4a	0.0
Mlc1	0.0
Atn1	0.0
Atp9b	0.0
Clasp1	0.0
Cops2	0.0
Sars1	0.0
Dnmt3a	0.0
Cep350	0.0
Zc3h4	0.0
Hipk3	0.0
Slc25a22	0.0
Hdac4	0.0
S100b	0.0
Tns1	0.0
Itsn2	0.0
Matn2	0.0
Bcl9	0.0
Ptprk	0.0
Sst	0.0
Pak6	0.0
Chst1	0.0
Brk1	0.0
Erbb4	0.0
Arhgap27	0.0
Slc9a2	0.0
Slc20a1	0.0
Ndufv2	0.0
Ubap2	0.0
Myl12b	0.0
Ndufa10	0.0
Dbndd2	0.0
Dlg3	0.0
Sh3gl2	0.0
Smim14	0.0
Usp14	0.0
Fam220a	0.0
Chmp4b	0.0
Magi2	0.0
Rps7	0.0
Nsd1	0.0
Stmn2	0.0
Nebl	0.0
Nsg1	0.0
Abr	0.0
Atp5pd	0.0
Usp7	0.0
F5	0.0
Ldha	0.0
Rapgef2	0.0
Slc23a2	0.0
Plekhg5	0.0
Osbp2	0.0
Agpat3	0.0
Slc1a1	0.0
Aldh2	0.0
Grik5	0.0
Kctd17	0.0
Tlk1	0.0
Bnip3	0.0
Chst2	0.0
Map9	0.0
Zfp106	0.0
Xpo6	0.0
Tmsb10	0.0
Lyrm9	0.0
Clic4	0.0
Ptpn11	0.0
Lrpap1	0.0
Tshz1	0.0
Asrgl1	0.0
Srxn1	0.0
Hsbp1	0.0
Syngr3	0.0
Fmn2	0.0
Rab11fip5	0.0
Drd1	0.0
Pcbp2	0.0
Mprip	0.0
Chka	0.0
Ftx	0.0
Baiap3	0.0
Nup214	0.0
Gbf1	0.0
Gm20716	0.0
Clip1	0.0
Ube3b	0.0
Vps33a	0.0
Rnf44	0.0
Slc9a6	0.0
Ppp2r5c	0.0
Src	0.0
Osbpl6	0.0
Exoc7	0.0
Ezr	0.0
Atp9a	0.0
Dhcr24	0.0
Hap1	0.0
Igip	0.0
Rundc3a	0.0
Braf	0.0
Neurod2	0.0
Cul1	0.0
Ccdc88a	0.0
Tsnax	0.0
Ppig	0.0
Rpl11	0.0
Gapdh	0.0
Oaz1	0.0
Gpx4	0.0
Rpl8	0.0
Vapb	0.0
Olfm1	0.0
Zswim8	0.0
Rogdi	0.0
Eif5	0.0
Ndrg3	0.0
Far1	0.0
Ywhag	0.0
Ndufb10	0.0
Prkaca	0.0
Nop58	0.0
Gm14391	0.0
Naa15	0.0
2210016L21Rik	0.0
Tbc1d30	0.0
Eif3a	0.0
Gtf3c2	0.0
Sec24c	0.0
Nf2	0.0
Csnk2a2	0.0
Klhl7	0.0
Sun2	0.0
Nfic	0.0
Il6st	0.0
Rpn1	0.0
Mgrn1	0.0
Otub1	0.0
Copg1	0.0
Hipk1	0.0
Plekha1	0.0
Ralgapb	0.0
Tcf20	0.0
Tprkb	0.0
Ipo4	0.0
Slc48a1	0.0
Epha6	0.0
Pou2f1	0.0
Lrrn1	0.0
Rora	0.0
C2cd5	0.0
B4galt2	0.0
Epb41l2	0.0
Uqcrq	0.0
Acap3	0.0
Cntnap2	0.0
Kat6a	0.0
Sacm1l	0.0
Ssr1	0.0
Agtpbp1	0.0
Mef2d	0.0
Tef	0.0
Dag1	0.0
Clptm1	0.0
Golm2	0.0
Mia3	0.0
Dnah9	0.0
Ube2d2a	0.0
Hint1	0.0
Lrtm2	0.0
Sostdc1	0.0
Fis1	0.0
Nicn1	0.0
Lrrtm2	0.0
Pde7b	0.0
Cnih3	0.0
Ythdc1	0.0
Dab1	0.0
Prex2	0.0
Acadsb	0.0
Josd1	0.0
Fez1	0.0
Pcmtd2	0.0
Ly6e	0.0
Sumo3	0.0
Rasal2	0.0
Zfp950	0.0
Arel1	0.0
Srsf7	0.0
Rasd1	0.0
Adcy9	0.0
Cox7b	0.0
Ark2c	0.0
Sorcs1	0.0
Prune2	0.0
Gstm1	0.0
Clta	0.0
Snx10	0.0
Slc4a2	0.0
Aplp1	0.0
Rragd	0.0
Nrbp2	0.0
Tmem72	0.0
Mras	0.0
Bhlhe40	0.0
Itm2c	0.0
Doc2b	0.0
Rangap1	0.0
Septin8	0.0
Pkia	0.0
Stmn4	0.0
Nfe2l1	0.0
Nudt3	0.0
Rps6	0.0
Hook1	0.0
Ubn1	0.0
Ski	0.0
Cep170	0.0
Fry	0.0
Rps8	0.0
Olfm2	0.0
Scn1a	0.0
Adap1	0.0
Dnajc27	0.0
Sike1	0.0
Ak1	0.0
Tmx3	0.0
Stt3a	0.0
Coch	0.0
Tpd52	0.0
Numb	0.0
Eif2s3y	0.0
Ap2a1	0.0
Tmem184b	0.0
Fyttd1	0.0
Fkbp5	0.0
Gdap1	0.0
Trim41	0.0
Ccp110	0.0
Amer2	0.0
Ifi27	0.0
Ccdc85c	0.0
Pcnx2	0.0
Tbcb	0.0
St18	0.0
Tns3	0.0
Gstm5	0.0
Rheb	0.0
Zfp451	0.0
Prr14l	0.0
Tspyl2	0.0
Clec16a	0.0
Rbm26	0.0
Csrnp3	0.0
Cct2	0.0
Rtn1	0.0
Cdk14	0.0
Gm42427	0.0
Safb	0.0
Bltp3b	0.0
Brinp1	0.0
Fbxo41	0.0
Vps50	0.0
Tmem178b	0.0
Slc16a2	0.0
Snx27	0.0
Nopchap1	0.0
Acsl4	0.0
Rapgef6	0.0
Jmjd1c	0.0
Rnf123	0.0
Alg2	0.0
Rps10	0.0
Slc12a6	0.0
Zc3h7a	0.0
Idh3a	0.0
Pdap1	0.0
Arl8a	0.0
Fbxl5	0.0
Hnrnpr	0.0
Pura	0.0
Isca1	0.0
Raver2	0.0
Dnal1	0.0
Smc3	0.0
Luc7l	0.0
Atp5pf	0.0
Ank1	0.0
Hprt1	0.0
Hspa9	0.0
Sh3glb2	0.0
Irf2bpl	0.0
Sap30bp	0.0
Arhgef7	0.0
Inpp5b	0.0
Rab3a	0.0
Cadps	0.0
Pafah1b2	0.0
Stim2	0.0
Mapt	0.0
Ranbp2	0.0
Rbfox2	0.0
Arfgef1	0.0
Zfp865	0.0
Eif4a1	0.0
Camk1d	0.0
Hycc2	0.0
Plekhb2	0.0
Atp6v1e1	0.0
Tnr	0.0
Zyg11b	0.0
Pbx1	0.0
Atcay	0.0
Nlgn2	0.0
Gabbr2	0.0
Kifc2	0.0
Efnb3	0.0
Tnrc6c	0.0
Pitpnm3	0.0
Gabarap	0.0
Vstm2a	0.0
Kras	0.0
Nrn1	0.0
Ube2b	0.0
Sfxn5	0.0
Adgrf5	0.0
Dip2b	0.0
Rps26	0.0
Pde2a	0.0
Gstp1	0.0
Cdh22	0.0
Rpl22	0.0
Flot1	0.0
Mid1ip1	0.0
Ypel3	0.0
Sdc4	0.0
Fbxw11	0.0
Stard10	0.0
Spred2	0.0
Gnb4	0.0
Fam171a2	0.0
Gm5535	0.0
Zc3h13	0.0
Ubap2l	0.0
Creg2	0.0
Gprin1	0.0
Btbd1	0.0
Spin1	0.0
Mxi1	0.0
Carmil3	0.0
Lamp2	0.0
Bend6	0.0
Ncor2	0.0
Bnip3l	0.0
Sec11c	0.0
Rgp1	0.0
Tbc1d10b	0.0
Socs5	0.0
Ap2s1	0.0
Eea1	0.0
Tut4	0.0
Rock1	0.0
Oaz2	0.0
Sidt2	0.0
Kdm5b	0.0
Szt2	0.0
Sv2c	0.0
Psmc5	0.0
Pmch	0.0
Wwc1	0.0
Vip	0.0
Ralgds	0.0
Atp13a2	0.0
Igsf21	0.0
Gpd1	0.0
Farp1	0.0
Glo1	0.0
Plcg1	0.0
Phlpp1	0.0
Wipi2	0.0
Fgd4	0.0
Stk39	0.0
Ptgfrn	0.0
Caly	0.0
Acsbg1	0.0
Rgs9	0.0
Csnk1g2	0.0
Plk2	0.0
Cd200	0.0
Gripap1	0.0
Yeats2	0.0
Mkln1	0.0
Rps23	0.0
Tagln3	0.0
Gcn1	0.0
Pex5l	0.0
Wdfy3	0.0
Hnrnpm	0.0
Garnl3	0.0
Dnm1	0.0
Rps27a	0.0
Zmym3	0.0
Flna	0.0
Tsc2	0.0
Ttyh3	0.0
Rreb1	0.0
Akap13	0.0
Dusp26	0.0
Cop1	0.0
Nav2	0.0
Ptpn1	0.0
Tmem47	0.0
Plekhm2	0.0
Cask	0.0
Kit	0.0
Zfp738	0.0
Scp2	0.0
Dpy19l3	0.0
Gm47457	0.0
Plcl2	0.0
Otud4	0.0
Dcx	0.0
Arhgef1	0.0
Fam135b	0.0
Nova2	0.0
Rpl36	0.0
Helz	0.0
Uvrag	0.0
Gtdc1	0.0
Cdipt	0.0
Slc41a1	0.0
Aagab	0.0
Tasor	0.0
Otof	0.0
Zmat3	0.0
Dhx9	0.0
Vegfa	0.0
Rarg	0.0
Hjurp	0.0
Rps28	0.0
Actc1	0.0
Rapgef1	0.0
Ankrd52	0.0
Taf15	0.0
Atg9a	0.0
Arfip2	0.0
Hopx	0.0
Zmiz2	0.0
Laptm4a	0.0
Trip12	0.0
Mal	0.0
Pfkm	0.0
Rtn2	0.0
Tbl1x	0.0
9330159F19Rik	0.0
Mtarc2	0.0
Rpl39	0.0
Lrp11	0.0
Pnpla6	0.0
Hectd2	0.0
Slc25a51	0.0
Pip5k1b	0.0
Ergic1	0.0
Ubl5	0.0
Tspyl1	0.0
Dcaf8	0.0
Cbln2	0.0
Zfyve9	0.0
Kmt2b	0.0
Tac1	0.0
Rpl34	0.0
Arid1a	0.0
Neto2	0.0
Mpdz	0.0
Entpd4	0.0
Fat3	0.0
Tmem63b	0.0
Scap	0.0
Sh3rf1	0.0
Pnkd	0.0
Crebzf	0.0
Ep300	0.0
Zc3h11a	0.0
Flrt2	0.0
Msmo1	0.0
Lrrc49	0.0
Kbtbd2	0.0
Cacna1b	0.0
Cacng8	0.0
Rps24	0.0
Myl6	0.0
Ankrd17	0.0
Atp11b	0.0
Rab1a	0.0
Pi4ka	0.0
Cdkl5	0.0
Chd4	0.0
Man2a2	0.0
Prex1	0.0
Thy1	0.0
Selenot	0.0
Zfp706	0.0
Csnk1d	0.0
Arid1b	0.0
Aplp2	0.0
Hivep2	0.0
Hnrnpk	0.0
Rpl19	0.0
Gprasp2	0.0
Cttn	0.0
Abhd8	0.0
Bag1	0.0
Dnajb1	0.0
Ntsr2	0.0
Gapvd1	0.0
Cxxc5	0.0
Notch2	0.0
Aqp1	0.0
Rin1	0.0
Trim66	0.0
Elp1	0.0
Nol6	0.0
Otx2	0.0
Vps41	0.0
Ccdc88c	0.0
Depdc5	0.0
Stub1	0.0
Slc22a23	0.0
Mtmr6	0.0
Stox2	0.0
Srp14	0.0
Fam169a	0.0
Tet2	0.0
Ythdf3	0.0
Nefl	0.0
Rcc2	0.0
Clasrp	0.0
Gm20458	0.0
Ykt6	0.0
Eeig2	0.0
Emc1	0.0
Pogz	0.0
Cpeb3	0.0
Caln1	0.0
Tubb4a	0.0
Eif5b	0.0
Smim10l3	0.0
Tmcc3	0.0
Senp6	0.0
Foxk2	0.0
Emc10	0.0
Ralgapa1	0.0
Brd9	0.0
Gpr158	0.0
Aatk	0.0
Sqstm1	0.0
Habp4	0.0
Rpl12	0.0
Arhgap5	0.0
Kcnj4	0.0
Iqsec1	0.0
Mat2a	0.0
Madd	0.0
App	0.0
Top2b	0.0
Cntn1	0.0
Rps2	0.0
Tm9sf4	0.0
Tasor2	0.0
Suclg1	0.0
Pde4d	0.0
Zfp644	0.0
Smap1	0.0
Eml5	0.0
Tcf25	0.0
Tollip	0.0
Dip2a	0.0
Ccnt2	0.0
Fbxo11	0.0
Nyap2	0.0
Tbcel	0.0
Pip4k2c	0.0
Ralbp1	0.0
AI504432	0.0
Soat1	0.0
Pomp	0.0
Trpc4ap	0.0
Immt	0.0
Dkkl1	0.0
Fbxl3	0.0
Snx3	0.0
Magi3	0.0
Ahcyl1	0.0
Smpd3	0.0
Cers6	0.0
Gpr37l1	0.0
Appl2	0.0
Klhl22	0.0
Sec16a	0.0
Zfp618	0.0
Sestd1	0.0
Lrrc10b	0.0
Gm42715	0.0
Ndufs1	0.0
Fcho1	0.0
Reep2	0.0
Gpr37	0.0
Mdm4	0.0
Ids	0.0
Chchd2	0.0
Pcmtd1	0.0
Sub1	0.0
Neo1	0.0
Pds5a	0.0
Brpf1	0.0
Tspan5	0.0
Celf4	0.0
Grk2	0.0
Ncor1	0.0
Mgll	0.0
Chl1	0.0
Asap1	0.0
Vgf	0.0
Clstn3	0.0
Gabrg2	0.0
Plekhb1	0.0
Baalc	0.0
Kalrn	0.0
Ptms	0.0
Cnp	0.0
Ogfrl1	0.0
Dnaja2	0.0
Pbrm1	0.0
Arih1	0.0
Tmem65	0.0
Naa35	0.0
Trp53i11	0.0
Timm17a	0.0
Gprasp1	0.0
Sdhb	0.0
Prrg3	0.0
Gphn	0.0
Setd5	0.0
Fh1	0.0
Fem1b	0.0
Csnk1e	0.0
Tnfaip8l3	0.0
Odr4	0.0
Cacnb2	0.0
Miga1	0.0
Fam120a	0.0
Edf1	0.0
Mbtps1	0.0
Kcnq5	0.0
Fbh1	0.0
Garre1	0.0
Gclm	0.0
Coro2b	0.0
Gnl3l	0.0
Slc36a1	0.0
Sympk	0.0
Wipf2	0.0
Gvin2	0.0
Ube2m	0.0
Ralgps2	0.0
Ppib	0.0
Usp33	0.0
Rell2	0.0
Kpna6	0.0
Aamp	0.0
Coro1a	0.0
Septin11	0.0
Kcnt1	0.0
Adam22	0.0
Sema5a	0.0
Kcnma1	0.0
Lrrtm3	0.0
Pan3	0.0
Ints1	0.0
Cdc73	0.0
Ralgps1	0.0
Vldlr	0.0
Rgmb	0.0
Erf	0.0
Cetn3	0.0
Trim33	0.0
Tead1	0.0
Riok3	0.0
Cry2	0.0
Dop1b	0.0
Gpr155	0.0
Tpp1	0.0
Aftph	0.0
Usp54	0.0
Large1	0.0
Krit1	0.0
Med12	0.0
Ddah1	0.0
Hdgf	0.0
Cyb561	0.0
Mif	0.0
Bicral	0.0
Trbc2	0.0
Dpp8	0.0
Atp13a3	0.0
Dnajc3	0.0
Nr2f1	0.0
Chm	0.0
Ppm1h	0.0
Ncs1	0.0
Hr	0.0
Arhgef12	0.0
Rps4x	0.0
Csde1	0.0
Rpl9	0.0
Nav1	0.0
Hspa4l	0.0
Mdn1	0.0
Actn4	0.0
Shisa7	0.0
Scn1b	0.0
Pja2	0.0
Rpl21	0.0
Kcnv1	0.0
Cbx6	0.0
Rbfox1	0.0
Rpl13	0.0
Spon1	0.0
Ftl1	0.0
Ddx39b	0.0
Lama5	0.0
Coro7	0.0
Nedd4	0.0
D430041D05Rik	0.0
Nrxn3	0.0
Cul9	0.0
Atxn1	0.0
Armcx4	0.0
Spata31f1d	0.0
Zc2hc1a	0.0
Insyn1	0.0
Zfp609	0.0
Rnf13	0.0
Rhbdd2	0.0
Mtf2	0.0
Prkaa2	0.0
Ubl3	0.0
Copb1	0.0
Ppp1r13b	0.0
Araf	0.0
Snapc4	0.0
Atp5me	0.0
Pcbp1	0.0
Magi1	0.0
Psmc6	0.0
Tceal9	0.0
Syt6	0.0
Cldn4	0.0
Afdn	0.0
Numbl	0.0
Ube2k	0.0
Gigyf1	0.0
Kcnip4	0.0
Srp54c	0.0
Prpf38b	0.0
Fbf1	0.0
Pkd2	0.0
Myo9a	0.0
Gpam	0.0
Lin7c	0.0
Id2	0.0
Clptm1l	0.0
Usp11	0.0
Tshb	0.0
Smarca4	0.0
Zfyve27	0.0
Kcnk2	0.0
Gigyf2	0.0
Gm42878	0.0
Mapkbp1	0.0
Slc25a46	0.0
Rab5a	0.0
Mul1	0.0
Vcl	0.0
Micos10	0.0
Ndufa5	0.0
Golga2	0.0
Ppp2cb	0.0
Shc3	0.0
Slf2	0.0
Brap	0.0
Nedd8	0.0
Chpf2	0.0
Ahsa1	0.0
Gnptab	0.0
Mapk14	0.0
Btf3l4	0.0
Flt1	0.0
Kcnc4	0.0
Igfbp6	0.0
Arhgef4	0.0
Pxn	0.0
Anapc4	0.0
Cacybp	0.0
Ccdc124	0.0
Rpl36a	0.0
Cep250	0.0
Iqgap2	0.0
Fbxw7	0.0
Kidins220	0.0
Aldoc	0.0
Dlg1	0.0
Dkk3	0.0
Car2	0.0
Mapk10	0.0
Kmt2d	0.0
Arhgap39	0.0
Rap1gds1	0.0
Atp1b1	0.0
Dgkh	0.0
Sesn3	0.0
Tardbp	0.0
Mir124a-1hg	0.0
Dop1a	0.0
Cnr1	0.0
mt-Nd1	0.0
Rbfox3	0.0
Pde1a	0.0
Alcam	0.0
Atp6v1d	0.0
Pcdhgc5	0.0
Paip2	0.0
Ppfia1	0.0
Micall1	0.0
Adcy6	0.0
Arhgef11	0.0
Eml6	0.0
Uqcr10	0.0
Trappc10	0.0
Tug1	0.0
Ddit4	0.0
Neurl1b	0.0
Drp2	0.0
Csdc2	0.0
Fam8a1	0.0
Rab3gap2	0.0
Sema3a	0.0
Usf3	0.0
Pdyn	0.0
Pacs1	0.0
Tmed7	0.0
Trim8	0.0
Cacnb1	0.0
Ssrp1	0.0
Kif3a	0.0
Kcng2	0.0
Ppp6r2	0.0
St13	0.0
Prelid1	0.0
Ndufc2	0.0
Samm50	0.0
Ube4b	0.0
Fbxl20	0.0
Mpc1	0.0
Lrrc45	0.0
Hnrnpab	0.0
Nkain2	0.0
Sumo1	0.0
Gspt1	0.0
Bcat1	0.0
Nup153	0.0
Mgat5b	0.0
Rock2	0.0
Oxr1	0.0
Lmo4	0.0
Necab1	0.0
Kif21a	0.0
Clip3	0.0
Snph	0.0
Dnajc5	0.0
Arpc5	0.0
Vps13c	0.0
Psap	0.0
Ttc7b	0.0
Cep170b	0.0
Fgfr1	0.0
Anapc1	0.0
Mtus2	0.0
Ddr1	0.0
Zfp740	0.0
Vim	0.0
Klhdc2	0.0
Cpeb2	0.0
Exoc1	0.0
Tmem8b	0.0
Elob	0.0
Ndufa3	0.0
Mtcl3	0.0
Rbm15b	0.0
Tma7	0.0
Rtl5	0.0
Dnajc10	0.0
Ccser2	0.0
Usp20	0.0
Mvb12b	0.0
Trim3	0.0
Nkiras1	0.0
A230103L15Rik	0.0
Nmt2	0.0
Rbm28	0.0
BC031181	0.0
Gm20431	0.0
Cnot7	0.0
Dlg5	0.0
Dcun1d1	0.0
Ncoa6	0.0
Cenpb	0.0
A830018L16Rik	0.0
Vdac3	0.0
Serinc5	0.0
B3gat3	0.0
Vps52	0.0
Tomm34	0.0
Fnbp4	0.0
Add1	0.0
Zdhhc21	0.0
Syncrip	0.0
Pacsin1	0.0
Mtpn	0.0
Rasl10b	0.0
Eps15	0.0
Srsf11	0.0
Ampd2	0.0
Mast4	0.0
Selenok	0.0
Cipc	0.0
Smpd1	0.0
Mesd	0.0
Slc38a3	0.0
Psmb5	0.0
Vps16	0.0
Rbmx	0.0
Ankrd40	0.0
Crk	0.0
Rmnd5a	0.0
Lrig2	0.0
Nexmif	0.0
Lgi2	0.0
Pigq	0.0
Cdk2ap1	0.0
Zfp280d	0.0
Htr2a	0.0
Necab3	0.0
Ipo11	0.0
Mindy2	0.0
Tpm3	0.0
Jund	0.0
Ahnak	0.0
Nek1	0.0
Crebrf	0.0
Vezt	0.0
Prkag2	0.0
Klhdc10	0.0
Smc1a	0.0
Raly	0.0
Gpsm1	0.0
Cadps2	0.0
Rps21	0.0
Elfn2	0.0
Bltp2	0.0
Qki	0.0
Ppme1	0.0
Mink1	0.0
Ppp1r12b	0.0
Hmgcs1	0.0
Smim13	0.0
Ppm1l	0.0
Extl3	0.0
Atp2c1	0.0
Acap2	0.0
Kdm4b	0.0
Pebp1	0.0
Psip1	0.0
Arl5a	0.0
Wapl	0.0
Camk4	0.0
Ttll7	0.0
Celsr3	0.0
Cyp46a1	0.0
Ubc	0.0
Enc1	0.0
Rgs8	0.0
Park7	0.0
Zmym6	0.0
Rufy2	0.0
Raf1	0.0
Commd1b	0.0
Gjc3	0.0
Ergic2	0.0
Efna5	0.0
Hs2st1	0.0
Naa50	0.0
Cxcl14	0.0
Dennd2b	0.0
Arpc5l	0.0
Gm26644	0.0
Lhx9	0.0
Cuedc2	0.0
Mkrn1	0.0
Kctd15	0.0
Polg	0.0
Pcbp4	0.0
Ankrd45	0.0
Rimoc1	0.0
Rap1a	0.0
Ncaph2	0.0
Kmt5b	0.0
Arl6ip5	0.0
AU040320	0.0
Nus1	0.0
Ddx42	0.0
Map4k5	0.0
Gm7819	0.0
Golgb1	0.0
Kcnab1	0.0
Glcci1	0.0
Nsd3	0.0
Lrrc59	0.0
Rhoa	0.0
Nrep	0.0
C1ql3	0.0
Synrg	0.0
Gjb6	0.0
Dcaf6	0.0
Tmem127	0.0
B3galt2	0.0
Pabpn1	0.0
Ubtf	0.0
Ksr2	0.0
4833439L19Rik	0.0
Gm42429	0.0
Chtop	0.0
Inpp5f	0.0
Egln1	0.0
Cd99l2	0.0
Map3k5	0.0
Tnpo3	0.0
Gak	0.0
Smim7	0.0
Gm14308	0.0
Emsy	0.0
Dip2c	0.0
Sowahb	0.0
Styx-ps	0.0
Pcnt	0.0
Flii	0.0
Nipbl	0.0
Ypel5	0.0
Specc1	0.0
Fbxo3	0.0
Fgfr3	0.0
Nfat5	0.0
Rif1	0.0
Tpr	0.0
Dnm1l	0.0
Glrb	0.0
Neto1	0.0
Nefm	0.0
Rps3	0.0
Ctnnb1	0.0
Arpc2	0.0
Tanc2	0.0
Clic6	0.0
Ap2m1	0.0
Tspoap1	0.0
Ube3a	0.0
Hspa12a	0.0
Bclaf1	0.0
Luzp2	0.0
Clcn2	0.0
Rab5c	0.0
Cacna1a	0.0
Pomc	0.0
Rpl6	0.0
Aff4	0.0
Rims1	0.0
Septin3	0.0
Cdk13	0.0
Skil	0.0
Crocc	0.0
Slc35a5	0.0
Ica1	0.0
Gm49378	0.0
Zfyve1	0.0
Nomo1	0.0
Slitrk4	0.0
Plxnc1	0.0
Trappc6b	0.0
Mtmr1	0.0
Pdzrn3	0.0
Wdr26	0.0
Pfdn2	0.0
Rps6kb1	0.0
Foxk1	0.0
Tceal3	0.0
Cln8	0.0
Extl2	0.0
Ogdhl	0.0
Tbce	0.0
Blcap	0.0
Rnasek	0.0
Faxc	0.0
Calcoco1	0.0
Copg2	0.0
Yaf2	0.0
Uqcr11	0.0
Dync1i1	0.0
Ncoa2	0.0
Sdhc	0.0
Zfp871	0.0
Asphd2	0.0
Nucb1	0.0
Brinp3	0.0
Epb41	0.0
Drc7	0.0
Denr	0.0
Adrb1	0.0
Clk1	0.0
Foxp1	0.0
Cds2	0.0
Meis2	0.0
Rpl3	0.0
Sptb	0.0
Rab15	0.0
Tuba1a	0.0
Arglu1	0.0
Lrp1	0.0
Smarca2	0.0
Slc7a14	0.0
Eif4g1	0.0
Pkd1	0.0
Abcc5	0.0
Tpi1	0.0
Ccnl1	0.0
Itga7	0.0
Klhl24	0.0
Cobl	0.0
Dmxl2	0.0
Pfkp	0.0
Pten	0.0
Stx1b	0.0
Ramac	0.0
Gm37158	0.0
Atf4	0.0
Cstf2	0.0
Klhl9	0.0
Cdc37	0.0
Srp9	0.0
Glrx2	0.0
Grb10	0.0
Npr3	0.0
D130043K22Rik	0.0
Skic2	0.0
Pigk	0.0
Lenep	0.0
Myo10	0.0
Dlgap2	0.0
Phrf1	0.0
Mzt1	0.0
Hip1	0.0
Cluh	0.0
Hmbox1	0.0
Fam53b	0.0
Atf6	0.0
Zcchc17	0.0
Nhej1	0.0
Ulk2	0.0
6330420H09Rik	0.0
Eif3f	0.0
Phb1	0.0
Hnrnpf	0.0
Ndufa8	0.0
Rnf40	0.0
Tmod1	0.0
Amd1	0.0
Bmp3	0.0
Rbm6	0.0
Ajap1	0.0
Mxd4	0.0
Dock7	0.0
Clcn4	0.0
Ptprt	0.0
Pkp4	0.0
Adgrb1	0.0
Napb	0.0
Cux2	0.0
Scn8a	0.0
Capza2	0.0
Sptbn1	0.0
Hspa2	0.0
Rcn2	0.0
Epb41l1	0.0
Herc1	0.0
Itm2b	0.0
Dpysl2	0.0
Tmod2	0.0
Klc1	0.0
Washc4	0.0
Acp2	0.0
Eif4ebp2	0.0
Rrbp1	0.0
Foxo1	0.0
Hnrnph3	0.0
Col8a2	0.0
Pdhb	0.0
St3gal2	0.0
Tecpr2	0.0
Gm3893	0.0
Acox1	0.0
Tspan18	0.0
Strn	0.0
Esf1	0.0
Tmem179	0.0
Abl1	0.0
Zfp385a	0.0
Tra2b	0.0
Hspe1	0.0
Eeig1	0.0
Rtl3	0.0
Kcnd3	0.0
Eef1d	0.0
Sik2	0.0
Chuk	0.0
Dmtf1	0.0
Spink8	0.0
Inafm2	0.0
Dcun1d4	0.0
Sel1l3	0.0
Septin6	0.0
Elavl4	0.0
Dync2h1	0.0
Gm42428	0.0
Itgb8	0.0
Bcl6	0.0
Mindy3	0.0
Srebf1	0.0
Idh3g	0.0
Gaa	0.0
Ubr5	0.0
Csnk1a1	0.0
Efcab14	0.0
Anp32e	0.0
Mllt10	0.0
Actn1	0.0
Arhgap23	0.0
Rpl41	0.0
Hnrnpdl	0.0
Myo5b	0.0
Eif4a2	0.0
Cfl1	0.0
Car10	0.0
Gad1	0.0
Ensa	0.0
Fcho2	0.0
Epha7	0.0
Agap2	0.0
Gabarapl1	0.0
Akap11	0.0
Icam5	0.0
Kcnh7	0.0
Reps2	0.0
Lars1	0.0
Gatad2b	0.0
Relch	0.0
Polr1a	0.0
Cdh6	0.0
Nfx1	0.0
Rgs12	0.0
Zfp329	0.0
Lman2l	0.0
Acvr2a	0.0
Cldn12	0.0
Abcb9	0.0
Pacsin2	0.0
Enpp5	0.0
Paip2b	0.0
Nudt21	0.0
Cycs	0.0
Gm45140	0.0
Lman2	0.0
Rpl27	0.0
Pcdh8	0.0
Slc45a4	0.0
Akt1	0.0
Vwa3b	0.0
Otud5	0.0
Tex2	0.0
Slc30a3	0.0
Nr1d2	0.0
Kcnmb4	0.0
Abca5	0.0
Ptprm	0.0
Usp4	0.0
Nme1nme2	0.0
Mysm1	0.0
Arpc3	0.0
Gm49320	0.0
Deptor	0.0
Vps4a	0.0
Adgrg1	0.0
Rab11a	0.0
Srsf1	0.0
Itgav	0.0
Glul	0.0
Dmtn	0.0
Ahi1	0.0
Nrdc	0.0
Lgalsl	0.0
Flrt1	0.0
Gm45234	0.0
Gm14288	0.0
Kcnk1	0.0
Zfp664	0.0
Gm47031	0.0
Zmym4	0.0
P4hb	0.0
Kdm5c	0.0
Vcpip1	0.0
Gm19410	0.0
Gtf2a1	0.0
Zbtb47	0.0
Sec24d	0.0
Gm4767	0.0
Ndufa2	0.0
Scn3a	0.0
Fam135a	0.0
Khsrp	0.0
Tesk1	0.0
Slc16a8	0.0
Rab5b	0.0
Sh3glb1	0.0
Ubqln1	0.0
D630045J12Rik	0.0
Creb1	0.0
Serpine2	0.0
Foxp2	0.0
Gpx1	0.0
Utp20	0.0
Calml4	0.0
Snurf	0.0
Fnip1	0.0
Sfxn3	0.0
Gm14434	0.0
Hmcn1	0.0
Npr2	0.0
Crlf1	0.0
Mob4	0.0
Plxna3	0.0
Prelp	0.0
Fam13b	0.0
Tmed9	0.0
Phf12	0.0
Pnma2	0.0
5730409E04Rik	0.0
Pgp	0.0
Gfra1	0.0
Strip1	0.0
Ocrl	0.0
Mast1	0.0
Lrrfip1	0.0
Fkbp2	0.0
Zfp507	0.0
Slu7	0.0
Stt3b	0.0
Fbxo31	0.0
Ankrd63	0.0
Senp2	0.0
Gabpb2	0.0
Otud7b	0.0
Pcyt2	0.0
Igfbp4	0.0
Slc25a44	0.0
Tmem196	0.0
Slc22a17	0.0
Ntrk3	0.0
Impact	0.0
Arl6ip1	0.0
Cacna1h	0.0
Igsf9b	0.0
Fkbp1a	0.0
Phka2	0.0
Jph4	0.0
Gpr88	0.0
Tbr1	0.0
Smarcd1	0.0
Tia1	0.0
Dynll1	0.0
Fscn1	0.0
Fgf12	0.0
Purb	0.0
Mbnl2	0.0
Spag9	0.0
Arnt2	0.0
Hnrnpa1	0.0
Trim37	0.0
Pfkl	0.0
Synj1	0.0
Gm10273	0.0
Ube2q2	0.0
Ndufb2	0.0
Ppp5c	0.0
Gm43652	0.0
Cltc	0.0
Vamp2	0.0
Maged1	0.0
Atf7	0.0
Zfyve28	0.0
Rab1b	0.0
Pias1	0.0
Btrc	0.0
Lamb2	0.0
Herc4	0.0
Orc4	0.0
Nono	0.0
Klf10	0.0
Smpd4	0.0
Ccdc50	0.0
Zrsr2	0.0
Psma3	0.0
Lratd1	0.0
Rasl11b	0.0
Usp16	0.0
Sar1a	0.0
Cyp51	0.0
Arfgef2	0.0
Zftraf1	0.0
Ugcg	0.0
Idi1	0.0
Pkig	0.0
Dnajb4	0.0
Metrn	0.0
Kcnip2	0.0
Arhgap26	0.0
Nacc1	0.0
Gramd1a	0.0
Pnma8c	0.0
Ints10	0.0
Neurl1a	0.0
Tnik	0.0
Celf2	0.0
Gnb1	0.0
Strbp	0.0
Dlg2	0.0
Nbea	0.0
Dgcr8	0.0
Faim2	0.0
Gucy1a1	0.0
Ksr1	0.0
Add2	0.0
Rplp1	0.0
Scrn1	0.0
Ubr3	0.0
Ankrd12	0.0
Mrpl3	0.0
Zfp236	0.0
Dctn3	0.0
Nacad	0.0
B4gat1	0.0
Fsd1l	0.0
Abcg4	0.0
Ttyh1	0.0
Mtmr7	0.0
Smim45	0.0
Txnip	0.0
Kctd13	0.0
Isy1	0.0
Tshz3	0.0
Il34	0.0
Id4	0.0
Stxbp5l	0.0
Degs1	0.0
Stard13	0.0
Itga8	0.0
Sema6b	0.0
Lamc2	0.0
Rhot2	0.0
Gna11	0.0
Kpna4	0.0
Mb21d2	0.0
Aldh7a1	0.0
Kansl1	0.0
Zmat2	0.0
Adgra1	0.0
Ppp1r21	0.0
Ctsa	0.0
Jag2	0.0
Tenm1	0.0
Ppfibp1	0.0
Plekhm3	0.0
Cops7a	0.0
Las1l	0.0
Stam	0.0
Arid4a	0.0
Ntrk2	0.0
Sncb	0.0
Vcan	0.0
Fbxo2	0.0
Shprh	0.0
Zhx2	0.0
Suds3	0.0
Gna12	0.0
Nptxr	0.0
Camta1	0.0
Usp32	0.0
Clmn	0.0
Kif5c	0.0
Camk2d	0.0
Ppp1cb	0.0
Sult4a1	0.0
Insig2	0.0
Rcan2	0.0
Tuba4a	0.0
Pygb	0.0
Prrc2b	0.0
Usp9x	0.0
Plxna4	0.0
Srcin1	0.0
Syt3	0.0
B4galnt1	0.0
Shisal1	0.0
Frmd4a	0.0
Ergic3	0.0
Ptprv	0.0
Ssr3	0.0
Gpr153	0.0
Cct4	0.0
Myh14	0.0
B4galt5	0.0
Sf3a1	0.0
Rptor	0.0
Pin1	0.0
Ltbp3	0.0
Snrpd3	0.0
Fabp5	0.0
Yy2	0.0
H2ac19	0.0
Pdxdc1	0.0
Nbeal1	0.0
Mctp1	0.0
Ndufb11	0.0
Map3k12	0.0
Marcksl1	0.0
Heg1	0.0
Pkn1	0.0
N4bp2l2	0.0
Atp1b3	0.0
Ranbp9	0.0
Slc25a11	0.0
Susd4	0.0
Sccpdh	0.0
Srp54b	0.0
Spcs1	0.0
Eif3h	0.0
Ms4a15	0.0
Nbl1	0.0
Inpp4a	0.0
Map1lc3a	0.0
Ppfia2	0.0
Cadm4	0.0
Ppp1r9a	0.0
Atp2b2	0.0
Cadm2	0.0
Srgap3	0.0
Fam81a	0.0
Tmem158	0.0
Tceal6	0.0
Zfp532	0.0
Coro1b	0.0
Kat7	0.0
Wdr37	0.0
Rlim	0.0
Srp72	0.0
Bcl2l1	0.0
Ccr5	0.0
Psmd5	0.0
Npy	0.0
Vps13b	0.0
Mbd3	0.0
Slc35e1	0.0
Rbm8a	0.0
Ssh3	0.0
Man1c1	0.0
Usf1	0.0
Ndufb3	0.0
Klf3	0.0
Gnpat	0.0
Zfand2a	0.0
Nhsl1	0.0
Abcf3	0.0
Cisd1	0.0
Hcfc1	0.0
Gnaz	0.0
Epg5	0.0
Chic1	0.0
Cdv3	0.0
Ryr1	0.0
Gm43079	0.0
Pls3	0.0
Lzts1	0.0
Ncl	0.0
Cabp1	0.0
Sbf1	0.0
Ndufs5	0.0
Vars1	0.0
Slc13a4	0.0
Nfib	0.0
Pcdh20	0.0
Sipa1l1	0.0
Eif1	0.0
Ppia	0.0
Prrc2a	0.0
Adcy5	0.0
Fnbp1l	0.0
Nktr	0.0
Tubb2a	0.0
Rab6b	0.0
Gpm6a	0.0
Gnal	0.0
Peg13	0.0
Gas7	0.0
Calm1	0.0
Wscd2	0.0
Fgfr1op2	0.0
Scrib	0.0
Paqr9	0.0
Net1	0.0
Hadhb	0.0
Ctsl	0.0
Snca	0.0
Zfyve26	0.0
Tmem64	0.0
Wdr86	0.0
Ralyl	0.0
Fermt2	0.0
Pgap1	0.0
Garem1	0.0
Prr12	0.0
Gm28037	0.0
Spry2	0.0
2310022B05Rik	0.0
Srr	0.0
Slc38a10	0.0
Cd9	0.0
Antkmt	0.0
Psat1	0.0
Hdgfl2	0.0
Rprd1a	0.0
Gm48422	0.0
Ptpdc1	0.0
Alas1	0.0
Apbb3	0.0
Cacna1d	0.0
Ptch1	0.0
Sgsm2	0.0
Wdr17	0.0
Usp29	0.0
Strip2	0.0
Serpina9	0.0
Amigo2	0.0
Tusc2	0.0
Derpc	0.0
Trip11	0.0
Os9	0.0
Itpkb	0.0
Rcan1	0.0
Extl1	0.0
Mbd6	0.0
Rnf38	0.0
Mdga2	0.0
Galnt13	0.0
Cntfr	0.0
Wdtc1	0.0
Txnl4a	0.0
Eml1	0.0
Zfp292	0.0
Sipa1l2	0.0
Ajm1	0.0
Zfp932	0.0
Dnajc8	0.0
Lsm14b	0.0
Scaf4	0.0
Pum1	0.0
Iffo1	0.0
Ppp6r3	0.0
Qars1	0.0
Aph1a	0.0
Itprid2	0.0
Gm14296	0.0
Zfp354c	0.0
Abi3bp	0.0
Gm26920	0.0
Stard7	0.0
Maco1	0.0
Mrfap1	0.0
R3hdm2	0.0
Apbb1	0.0
Gm47164	0.0
Rtn4	0.0
Aak1	0.0
Sphkap	0.0
Cbfa2t3	0.0
Stmn3	0.0
Arrb1	0.0
Dock4	0.0
Spred1	0.0
Ndfip1	0.0
Slc17a7	0.0
Syt4	0.0
Eif4g2	0.0
Cerk	0.0
Limk1	0.0
Cacna2d2	0.0
Ipcef1	0.0
Rps14	0.0
Sorl1	0.0
Rpl13a	0.0
Osbpl1a	0.0
Rab30	0.0
Zdbf2	0.0
Vps4b	0.0
Tmed2	0.0
Tafa5	0.0
Bmp1	0.0
Mrpl19	0.0
Creb3	0.0
Fhl1	0.0
Bcl7a	0.0
Gars1	0.0
Suco	0.0
Adprh	0.0
Mia2	0.0
Atg16l1	0.0
Disp3	0.0
Higd1a	0.0
Gm43108	0.0
Samd8	0.0
Sirt2	0.0
Arhgef10l	0.0
Kcnc2	0.0
Rnpc3	0.0
Cwc15	0.0
Entpd6	0.0
Krt18	0.0
Fxyd7	0.0
Gm46620	0.0
Cd164	0.0
Fbxo33	0.0
Paics	0.0
Pitpnc1	0.0
Psmb6	0.0
Cep295	0.0
Plpbp	0.0
Fndc3a	0.0
Rdx	0.0
Vps26b	0.0
Atg13	0.0
Zkscan2	0.0
Snapc1	0.0
Nat10	0.0
Cpsf3	0.0
Gm8108	0.0
Lbp	0.0
Mau2	0.0
Strap	0.0
Fam20c	0.0
Kif2a	0.0
Gm12524	0.0
Nalf1	0.0
Pwwp4b	0.0
Ankrd13c	0.0
Rc3h1	0.0
Arl4d	0.0
Rnf41	0.0
Ola1	0.0
Mosmo	0.0
Stx3	0.0
Plppr3	0.0
Slc7a4	0.0
Psmd4	0.0
Gm10053	0.0
Fuca1	0.0
Lgi3	0.0
Adra1d	0.0
Psmd8	0.0
Cdhr1	0.0
Mlip	0.0
Eif5a2	0.0
Yars1	0.0
Tbc1d14	0.0
A830009L08Rik	0.0
Rnf208	0.0
Zfp592	0.0
Smchd1	0.0
Ahsa2	0.0
Ggt7	0.0
Fmn1	0.0
Ndufa12	0.0
Gm3005	0.0
Cdk5	0.0
Foxn3	0.0
Xpo7	0.0
Abcf2	0.0
Ube2h	0.0
Pmpca	0.0
Defb11	0.0
2310057M21Rik	0.0
Cyb5b	0.0
Nr2f2	0.0
Marchf8	0.0
Ik	0.0
Rcbtb1	0.0
Chrdl1	0.0
Atp6v1f	0.0
Grm1	0.0
Edc4	0.0
Zfp729a	0.0
Pcif1	0.0
Psmd3	0.0
Sp3	0.0
Dalrd3	0.0
Pfas	0.0
Pcdh1	0.0
Zranb2	0.0
Nap1l1	0.0
Peg3	0.0
Syne1	0.0
Yy1	0.0
Iars1	0.0
Agfg1	0.0
Rbm25	0.0
Ptprs	0.0
Sipa1l3	0.0
Gria3	0.0
Dgkg	0.0
Cdk5r1	0.0
Basp1	0.0
Macf1	0.0
Tyro3	0.0
Zfp445	0.0
Sf3b1	0.0
Agap1	0.0
Ndrg4	0.0
Cspg5	0.0
Ddx17	0.0
Kif1b	0.0
Inpp5j	0.0
Ppp2r2a	0.0
Ubxn7	0.0
Stk38	0.0
Sptan1	0.0
Ak5	0.0
Ppp1r11	0.0
Ppp1r1b	0.0
Vat1	0.0
Hcrt	0.0
Ttc13	0.0
Rpa1	0.0
Cops6	0.0
Rragc	0.0
Zfp703	0.0
Mdfic2	0.0
Pet117	0.0
Brd7	0.0
Bace1	0.0
Cyb5r4	0.0
Dnajc11	0.0
Cnot6l	0.0
Atpaf1	0.0
Anxa7	0.0
Fam124a	0.0
Stk4	0.0
Pvalb	0.0
Brd10	0.0
Zfp608	0.0
Iyd	0.0
Smad3	0.0
Rpgrip1l	0.0
Golga3	0.0
Mtmr3	0.0
Gm3752	0.0
Gm49510	0.0
Nom1	0.0
Tut7	0.0
Xylt1	0.0
Cdh8	0.0
Lingo1	0.0
Syp	0.0
Slc4a10	0.0
Dpp6	0.0
Trf	0.0
Zeb2	0.0
Eef1a2	0.0
Nrxn2	0.0
Sirpa	0.0
Gabrb1	0.0
Ncam1	0.0
mt-Cytb	0.0
Zmynd11	0.0
mt-Co3	0.0
Cttnbp2	0.0
Hs6st2	0.0
Hmgn3	0.0
Slc27a4	0.0
Cdc123	0.0
Nxf7	0.0
Ccdc92	0.0
Snx19	0.0
Psma2	0.0
Fam131a	0.0
Npat	0.0
Cox17	0.0
Usf2	0.0
Cpox	0.0
Rtl8c	0.0
Oscp1	0.0
Psd2	0.0
Csf1r	0.0
Ppp1r16a	0.0
Pik3r3	0.0
Igf2r	0.0
Hspa1a	0.0
Tle1	0.0
Eef2k	0.0
Ccbe1	0.0
Slc39a3	0.0
Armcx1	0.0
Rgl1	0.0
Amy1	0.0
Uqcc2	0.0
Chmp5	0.0
Prkci	0.0
Ddx23	0.0
Mier1	0.0
Reps1	0.0
Pik3c2a	0.0
Pikfyve	0.0
Mapk11	0.0
Macrod2	0.0
Cnot6	0.0
Klf7	0.0
Psma7	0.0
Kcna2	0.0
Nisch	0.0
Lmtk2	0.0
Wdr3	0.0
Timm13	0.0
Nckipsd	0.0
Tmem265	0.0
Herpud1	0.0
Vsnl1	0.0
Ptprd	0.0
Galnt17	0.0
Ryr3	0.0
Mical2	0.0
Flnb	0.0
Pip5k1c	0.0
Egr3	0.0
Cst3	0.0
Psd3	0.0
Gm43549	0.0
Snrnp70	0.0
Syngr1	0.0
Ldhb	0.0
Serinc1	0.0
Trank1	0.0
Ppp2r3a	0.0
Rab11fip3	0.0
Pithd1	0.0
Arnt	0.0
Slc6a17	0.0
Adgrl1	0.0
Hectd4	0.0
Syngap1	0.0
Sall2	0.0
Gm43302	0.0
Zzef1	0.0
Hunk	0.0
Gm49383	0.0
Tbk1	0.0
Pdzd8	0.0
Lrrc55	0.0
Sh2b1	0.0
Fam184a	0.0
Chmp1a	0.0
Spred3	0.0
Chat	0.0
Npas2	0.0
Grm2	0.0
Gpr35	0.0
Pla2g2f	0.0
Psmc2	0.0
Stk11	0.0
Cfap44	0.0
Dennd6b	0.0
Leprotl1	0.0
Brd3	0.0
Capn15	0.0
Ptpro	0.0
Slc44a1	0.0
Lefty1	0.0
1500011B03Rik	0.0
Rragb	0.0
Flt3l	0.0
Otud1	0.0
Lrrc4	0.0
Pld3	0.0
1810008I18Rik	0.0
Acaa1a	0.0
Snx5	0.0
Mark4	0.0
Acad8	0.0
Tceal5	0.0
Erc1	0.0
Cpe	0.0
Nap1l5	0.0
Actr2	0.0
Nrgn	0.0
Rab11fip4	0.0
Trio	0.0
Rps27rt	0.0
Nrip3	0.0
Adipor2	0.0
Camk2g	0.0
Klhl2	0.0
Lpgat1	0.0
Ncald	0.0
2610008E11Rik	0.0
mt-Atp6	0.0
Luc7l3	0.0
Pwwp3a	0.0
Abhd16a	0.0
Paf1	0.0
Ercc8	0.0
Bcap29	0.0
Pttg1ip	0.0
Bhlhb9	0.0
Amotl1	0.0
Arhgef6	0.0
4833415N18Rik	0.0
Rubcn	0.0
B3galt1	0.0
Ndufa9	0.0
Rtcb	0.0
Synm	0.0
Ccdc39	0.0
Tpp2	0.0
Ciz1	0.0
Fancm	0.0
Tubgcp5	0.0
Gatd3a	0.0
Bcor	0.0
Gm11632	0.0
Dcc	0.0
Gm20605	0.0
Wdr48	0.0
Limd2	0.0
Tmem9b	0.0
Per2	0.0
Stxbp2	0.0
Il33	0.0
Emc8	0.0
Epdr1	0.0
Ncln	0.0
Emc4	0.0
Zranb1	0.0
Fbxo9	0.0
Robo1	0.0
Grsf1	0.0
Psmd14	0.0
Rap1gap2	0.0
Cyfip2	0.0
Tub	0.0
Nrxn1	0.0
Tmem132a	0.0
Sparcl1	0.0
Ubap1	0.0
Serp2	0.0
Abcf1	0.0
Ifrd1	0.0
Wasf3	0.0
Map2k7	0.0
Mtfp1	0.0
Zeb2os	0.0
Sema4a	0.0
Chtf8	0.0
Vps28	0.0
Ctif	0.0
Foxj3	0.0
Ppp2r5e	0.0
Gng12	0.0
Inpp1	0.0
Cers1	0.0
Pwwp4a	0.0
Bscl2	0.0
Rapgef3	0.0
Lhx8	0.0
Ighm	0.0
Pom121	0.0
Sipa1	0.0
Ift22	0.0
Ubxn6	0.0
Dmwd	0.0
Adam10	0.0
Eif3b	0.0
Smarce1	0.0
Lsm11	0.0
Capn2	0.0
Ttll4	0.0
Camk2n1	0.0
Il1rapl1	0.0
Rnd1	0.0
Cav2	0.0
Ndufb1	0.0
Vps51	0.0
Cfdp1	0.0
Tmcc1	0.0
Eif3k	0.0
Gm42634	0.0
Ndufb6	0.0
Esyt2	0.0
Col11a2	0.0
Uqcc1	0.0
Sh3bgrl3	0.0
Psme2	0.0
Agps	0.0
Sik1	0.0
Ppm1f	0.0
Ucp2	0.0
Wdr18	0.0
Tfdp2	0.0
Emb	0.0
Cers2	0.0
Telo2	0.0
Itgad	0.0
Cstpp1	0.0
Abca3	0.0
Tfam	0.0
Ciao1	0.0
Ndufs3	0.0
Krt8	0.0
Trmt1	0.0
Kif1a	0.0
Sdk2	0.0
Rasgrf2	0.0
Atp1a3	0.0
Tspyl4	0.0
mt-Atp8	0.0
Eif3m	0.0
Wfdc2	0.0
Fibcd1	0.0
Map4	0.0
Lamp5	0.0
Tmem38a	0.0
Shisa6	0.0
Dlgap3	0.0
Ctxnd1	0.0
mt-Co2	0.0
Atosa	0.0
Sec14l2	0.0
Ttc3	0.0
Crym	0.0
Camta2	0.0
Clu	0.0
Rps27	0.0
Ppp2r2c	0.0
Elovl6	0.0
Cstf2t	0.0
Slc39a4	0.0
Psmd13	0.0
Gm50388	0.0
Arhgap10	0.0
Atl2	0.0
Abca1	0.0
Cbfa2t2	0.0
Cacng4	0.0
Polrmt	0.0
Fgf14	0.0
Gm20708	0.0
Phf10	0.0
Gm1043	0.0
Zbtb37	0.0
Psma4	0.0
Puf60	0.0
Atf6b	0.0
Bok	0.0
AI197445	0.0
Gm49968	0.0
Chrm3	0.0
Slc49a4	0.0
Aip	0.0
Cd2bp2	0.0
Nphp3	0.0
Uri1	0.0
Gns	0.0
Ccdc186	0.0
Ttc19	0.0
Pkhd1l1	0.0
Ube2w	0.0
Psmd7	0.0
S100a7a	0.0
Cdc23	0.0
Slc17a6	0.0
Dock6	0.0
Tbc1d16	0.0
Icmt	0.0
Prkca	0.0
Ryr2	0.0
Kif5b	0.0
Rph3a	0.0
Cdk5r2	0.0
6430548M08Rik	0.0
Dpysl3	0.0
Bcl9l	0.0
Vxn	0.0
Syt1	0.0
Clstn1	0.0
Rgs4	0.0
Tmem30a	0.0
Nptn	0.0
Kcnq2	0.0
Unc80	0.0
Rpl36al	0.0
Chid1	0.0
Tmem278	0.0
Arhgef25	0.0
Nell2	0.0
Mobp	0.0
Tnrc6b	0.0
Nat8l	0.0
Arhgap32	0.0
Cir1	0.0
Tspan9	0.0
Fip1l1	0.0
Gabpa	0.0
Wdr11	0.0
Stat5b	0.0
Txn2	0.0
Dgat2	0.0
Plp1	0.0
Ube2z	0.0
Gm43720	0.0
Csnk1g3	0.0
Fndc4	0.0
Trafd1	0.0
Surf4	0.0
Timm8b	0.0
Rad21	0.0
Atp1a1	0.0
Endod1	0.0
Iws1	0.0
Glt8d1	0.0
Rab31	0.0
Hnrnpul1	0.0
Map3k9	0.0
Shoc2	0.0
Opa3	0.0
Cdkl2	0.0
Snrnp48	0.0
Faf2	0.0
Nt5c3	0.0
Golga1	0.0
Chst10	0.0
Hira	0.0
Ndufb7	0.0
Ppm1b	0.0
Klhl13	0.0
Sh3pxd2a	0.0
Nampt	0.0
Potefam3b	0.0
Efhd2	0.0
Nrsn1	0.0
Nfasc	0.0
Dclk1	0.0
Serpini1	0.0
St6galnac5	0.0
Myo5a	0.0
Tmprss6	0.0
Dock3	0.0
Septin7	0.0
Hnrnph1	0.0
Cpne6	0.0
Shank1	0.0
Map2	0.0
Trim2	0.0
Arhgap21	0.0
Atp5mc2	0.0
Zfp788	0.0
Tmem240	0.0
Rasgrp2	0.0
Sap18	0.0
Adcy1	0.0
Lsamp	0.0
Rnf112	0.0
Heatr5b	0.0
Abca8a	0.0
Gm29253	0.0
Ap3b1	0.0
Rab12	0.0
Hspg2	0.0
Snrpd2	0.0
Sec61a1	0.0
Usp47	0.0
Dennd4b	0.0
Plaat1	0.0
Gm28042	0.0
Lhfpl4	0.0
Gm49384	0.0
Arhgdig	0.0
Larp1b	0.0
Ppp4r3a	0.0
Brox	0.0
Traip	0.0
Parva	0.0
Dnajc18	0.0
Ggps1	0.0
Ccdc93	0.0
Fam210b	0.0
Rit2	0.0
Resp18	0.0
Ddhd2	0.0
Grip2	0.0
Dcbld2	0.0
Cdk5rap2	0.0
Slc35b4	0.0
Inppl1	0.0
Parg	0.0
Sntb2	0.0
Tmem201	0.0
Tomm7	0.0
4933434E20Rik	0.0
Baz2b	0.0
Rnf31	0.0
Als2	0.0
Acad9	0.0
Acat2	0.0
Ikbkb	0.0
Trappc8	0.0
Ube2s	0.0
Mkrn2	0.0
Ssbp4	0.0
Brpf3	0.0
Tmem50a	0.0
Ptcd3	0.0
Scyl3	0.0
Furin	0.0
Cnot10	0.0
Spopl	0.0
Bod1	0.0
Ssx2ip	0.0
Col5a1	0.0
Tspyl5	0.0
Tacc2	0.0
Syna	0.0
Hpcal1	0.0
Slc12a4	0.0
Amz2	0.0
Drg1	0.0
Laptm4b	0.0
Mmut	0.0
Hmox2	0.0
Bdh1	0.0
Wbp11	0.0
Lhx2	0.0
Ssbp2	0.0
B230209E15Rik	0.0
Dmxl1	0.0
Cacna1e	0.0
Camkv	0.0
Leng8	0.0
Snap25	0.0
Wdr75	0.0
Ankle2	0.0
Ticrr	0.0
Kcnab2	0.0
Ahcyl2	0.0
Pak1	0.0
Kif5a	0.0
Gabra1	0.0
Camkk2	0.0
Pnisr	0.0
Slc39a10	0.0
Slit1	0.0
Stx1a	0.0
Hnrnpu	0.0
Rasgrf1	0.0
Epha4	0.0
Ppp3ca	0.0
Kdm3b	0.0
Ckb	0.0
Tmem167	0.0
Cggbp1	0.0
Tmem184c	0.0
Zpr1	0.0
Gm21982	0.0
Trappc12	0.0
Emc2	0.0
Son	0.0
Ptdss1	0.0
Trpv4	0.0
Spata2l	0.0
Ppp1r26	0.0
Rabgap1	0.0
Qrich1	0.0
Casd1	0.0
Ccdc73	0.0
Cldn5	0.0
Ets2	0.0
Trh	0.0
Golph3	0.0
Snhg11	0.0
Gm20662	0.0
Csnk1g1	0.0
Zbtb20	0.0
Mpp3	0.0
Uqcrb	0.0
Vamp4	0.0
Paqr7	0.0
Hdac2	0.0
Mlxip	0.0
Krt2	0.0
Rab3b	0.0
Shisa5	0.0
Stmn1	0.0
Ltn1	0.0
Wars1	0.0
Tmem250	0.0
2510009E07Rik	0.0
Diaph1	0.0
Tmem94	0.0
Ube2e1	0.0
Ece1	0.0
Rps12-ps3	0.0
Gh	0.0
Man1a2	0.0
Npy2r	0.0
Ppp1r12a	0.0
Gria2	0.0
Agpat1	0.0
Iqgap1	0.0
Gm13601	0.0
Dlx1	0.0
Dmrt3	0.0
Mettl16	0.0
Ift81	0.0
Creld1	0.0
Fbxw5	0.0
Tcf12	0.0
Slc7a1	0.0
Rnps1	0.0
Npc1	0.0
Gm35853	0.0
Ston2	0.0
Akt1s1	0.0
Tmem184a	0.0
Mef2c	0.0
Hdnr	0.0
Krt12	0.0
Emc7	0.0
Spsb3	0.0
Acss2	0.0
Igfbp2	0.0
Atp2b1	0.0
Zbtb18	0.0
Nsmf	0.0
Prkacb	0.0
Grin2a	0.0
Ppm1e	0.0
Rims3	0.0
Ric8b	0.0
Tcf4	0.0
Prkcg	0.0
Arpp19	0.0
Phf24	0.0
Septin5	0.0
Stum	0.0
Tmsb4x	0.0
Supt5	0.0
Ndufs7	0.0
Cdh10	0.0
Gpr137c	0.0
Cebpz	0.0
Pip5k1a	0.0
Ric3	0.0
Gfap	0.0
Prkar1b	0.0
Trpm2	0.0
Pou3f3	0.0
Ldb1	0.0
Sgta	0.0
Capn5	0.0
Kctd2	0.0
Aldh5a1	0.0
Stxbp1	0.0
